cpu_usage,memory_usage,disk_usage,process_count,threat
2,14,64,109,Normal
35,69,83,79,Normal
49,78,27,262,Suspicious
78,52,43,439,Suspicious
6,51,48,216,Normal
96,88,45,257,Suspicious
62,81,94,581,Suspicious
21,83,73,585,Suspicious
74,41,50,201,Normal
67,96,68,149,Suspicious
21,48,22,341,Suspicious
7,41,81,74,Normal
89,15,42,434,Suspicious
92,86,76,527,Malware
5,21,22,313,Suspicious
9,64,33,159,Normal
30,54,71,527,Suspicious
25,46,64,480,Suspicious
10,97,67,420,Suspicious
41,89,50,333,Suspicious
15,27,88,216,Normal
45,34,71,192,Normal
74,74,73,465,Suspicious
96,42,87,218,Suspicious
30,80,23,286,Suspicious
32,29,84,357,Suspicious
36,95,42,108,Suspicious
68,79,40,59,Suspicious
31,74,79,291,Normal
90,39,38,248,Suspicious
21,40,32,261,Normal
20,44,44,529,Suspicious
20,54,78,50,Normal
56,30,65,176,Normal
26,77,96,380,Suspicious
77,71,65,138,Suspicious
88,88,65,550,Suspicious
5,83,20,135,Suspicious
82,77,20,570,Suspicious
11,99,43,73,Suspicious
59,69,28,521,Suspicious
6,91,39,340,Suspicious
77,16,59,153,Suspicious
38,99,73,85,Suspicious
51,42,37,77,Normal
56,66,29,398,Suspicious
58,10,97,494,Suspicious
54,23,36,453,Suspicious
11,65,99,583,Suspicious
32,72,59,580,Suspicious
94,33,23,429,Suspicious
87,76,41,523,Suspicious
52,69,39,597,Suspicious
91,86,72,164,Suspicious
95,91,42,52,Suspicious
70,38,81,365,Suspicious
31,29,79,136,Normal
39,26,23,490,Suspicious
52,23,63,562,Suspicious
79,29,27,68,Suspicious
65,44,31,142,Normal
41,85,88,494,Suspicious
30,84,41,174,Suspicious
68,86,50,368,Suspicious
93,69,93,546,Suspicious
48,91,93,328,Suspicious
67,25,66,279,Normal
82,93,53,260,Suspicious
71,36,63,433,Suspicious
100,31,81,401,Suspicious
12,98,57,572,Suspicious
63,12,90,507,Suspicious
20,73,61,528,Suspicious
70,90,97,289,Suspicious
35,41,83,150,Normal
99,64,62,84,Suspicious
44,24,82,521,Suspicious
81,58,59,131,Suspicious
9,39,99,241,Normal
95,75,57,154,Suspicious
20,49,93,104,Normal
83,47,51,507,Suspicious
77,86,45,113,Suspicious
96,14,83,263,Suspicious
14,64,83,507,Suspicious
36,44,43,532,Suspicious
77,60,83,562,Suspicious
85,33,84,344,Suspicious
82,16,55,78,Suspicious
3,96,27,114,Suspicious
92,89,47,450,Suspicious
50,16,60,146,Normal
33,54,25,498,Suspicious
87,69,67,386,Suspicious
1,50,21,314,Suspicious
74,28,64,232,Normal
8,45,74,54,Normal
1,47,53,523,Suspicious
72,38,22,552,Suspicious
83,58,95,464,Suspicious
56,96,23,418,Suspicious
98,98,74,269,Suspicious
21,57,50,103,Normal
51,39,65,406,Suspicious
43,39,46,471,Suspicious
30,77,39,105,Suspicious
48,58,87,284,Normal
59,73,42,244,Normal
92,27,33,303,Suspicious
97,25,29,90,Suspicious
18,38,39,299,Normal
40,50,23,486,Suspicious
99,91,51,279,Suspicious
89,47,32,175,Suspicious
87,56,52,204,Suspicious
10,88,35,268,Suspicious
10,70,83,320,Suspicious
35,46,27,117,Normal
34,94,59,421,Suspicious
24,27,31,189,Normal
6,32,31,574,Suspicious
70,16,83,158,Normal
27,21,62,437,Suspicious
92,27,22,354,Suspicious
69,100,30,217,Suspicious
25,98,69,508,Suspicious
90,64,51,316,Suspicious
8,49,71,158,Normal
19,96,71,90,Suspicious
61,58,44,533,Suspicious
36,55,89,469,Suspicious
27,56,90,227,Normal
78,20,50,167,Suspicious
4,80,41,340,Suspicious
14,14,86,266,Normal
24,66,44,210,Normal
30,98,26,320,Suspicious
2,39,23,113,Normal
87,100,48,591,Suspicious
74,88,75,399,Suspicious
10,16,83,450,Suspicious
38,77,89,269,Suspicious
23,65,45,218,Normal
2,58,92,370,Suspicious
30,87,54,80,Suspicious
34,62,47,100,Normal
85,90,52,155,Suspicious
11,26,48,515,Suspicious
68,14,36,63,Normal
15,15,89,345,Suspicious
22,90,96,536,Suspicious
72,69,85,257,Normal
16,60,45,572,Suspicious
20,42,24,235,Normal
4,17,81,243,Normal
79,95,89,292,Suspicious
15,27,70,488,Suspicious
32,24,42,460,Suspicious
76,62,21,121,Suspicious
88,96,52,355,Suspicious
7,88,26,440,Suspicious
76,31,77,424,Suspicious
38,18,63,273,Normal
20,97,44,564,Suspicious
27,26,65,324,Suspicious
28,10,89,299,Normal
85,98,49,257,Suspicious
62,16,37,118,Normal
32,33,79,285,Normal
31,81,66,76,Suspicious
82,51,99,478,Suspicious
49,12,35,553,Suspicious
40,99,63,65,Suspicious
53,61,57,578,Suspicious
98,29,28,477,Suspicious
5,79,79,484,Suspicious
74,60,79,219,Normal
10,55,47,448,Suspicious
6,32,87,224,Normal
75,85,99,450,Suspicious
13,30,55,92,Normal
16,67,76,315,Suspicious
93,40,86,364,Suspicious
38,12,27,352,Suspicious
71,72,66,165,Normal
92,90,40,518,Malware
6,56,40,440,Suspicious
61,80,89,240,Suspicious
51,39,54,380,Suspicious
40,52,95,453,Suspicious
18,88,63,364,Suspicious
12,49,44,128,Normal
7,42,99,425,Suspicious
59,55,36,412,Suspicious
52,35,79,242,Normal
29,100,36,531,Suspicious
26,98,38,219,Suspicious
38,32,71,242,Normal
13,43,47,145,Normal
49,48,72,580,Suspicious
31,17,45,113,Normal
13,36,81,168,Normal
29,57,49,553,Suspicious
87,23,23,503,Suspicious
54,88,89,256,Suspicious
76,22,32,481,Suspicious
66,35,50,589,Suspicious
33,27,24,557,Suspicious
87,40,44,331,Suspicious
51,65,66,171,Normal
20,21,82,551,Suspicious
13,23,28,215,Normal
28,37,63,539,Suspicious
35,42,100,76,Normal
35,100,55,415,Suspicious
33,16,41,564,Suspicious
46,60,86,569,Suspicious
49,25,42,257,Normal
79,94,86,92,Suspicious
9,72,24,582,Suspicious
80,34,92,163,Suspicious
48,32,84,127,Normal
71,14,84,415,Suspicious
81,11,32,549,Suspicious
44,93,81,483,Suspicious
13,16,46,474,Suspicious
5,78,64,362,Suspicious
96,40,36,98,Suspicious
62,12,94,144,Normal
22,73,39,542,Suspicious
5,40,70,506,Suspicious
63,86,62,307,Suspicious
52,86,25,531,Suspicious
21,33,20,150,Normal
56,55,39,378,Suspicious
70,39,54,150,Normal
18,81,48,417,Suspicious
11,50,28,557,Suspicious
83,67,45,169,Suspicious
80,41,59,201,Suspicious
76,77,66,87,Suspicious
69,29,60,313,Suspicious
53,91,81,59,Suspicious
91,18,58,490,Suspicious
44,42,26,393,Suspicious
36,48,72,469,Suspicious
73,51,33,508,Suspicious
59,27,47,528,Suspicious
20,23,51,291,Normal
16,80,95,594,Suspicious
54,59,78,297,Normal
50,98,41,229,Suspicious
69,88,94,276,Suspicious
46,49,100,209,Normal
40,72,63,394,Suspicious
51,72,69,290,Normal
73,91,76,381,Suspicious
36,74,61,385,Suspicious
34,77,82,454,Suspicious
13,55,69,500,Suspicious
16,70,88,389,Suspicious
71,13,47,537,Suspicious
68,31,90,281,Normal
70,69,56,516,Suspicious
30,56,46,232,Normal
11,58,85,299,Normal
10,34,27,363,Suspicious
33,16,62,326,Suspicious
89,73,28,445,Suspicious
62,30,24,306,Suspicious
82,27,34,114,Suspicious
96,36,81,223,Suspicious
19,60,30,361,Suspicious
17,30,49,555,Suspicious
45,81,77,428,Suspicious
19,43,95,353,Suspicious
88,51,88,388,Suspicious
49,20,83,511,Suspicious
83,36,71,376,Suspicious
31,64,60,208,Normal
96,55,28,574,Suspicious
74,76,34,497,Suspicious
39,64,47,143,Normal
38,52,75,315,Suspicious
81,76,38,193,Suspicious
84,17,39,310,Suspicious
19,76,85,470,Suspicious
15,80,23,517,Suspicious
39,66,51,264,Normal
32,73,62,423,Suspicious
37,71,49,556,Suspicious
14,76,74,319,Suspicious
13,68,60,487,Suspicious
50,25,94,62,Normal
60,29,84,91,Normal
75,17,54,550,Suspicious
5,79,34,281,Suspicious
19,40,74,392,Suspicious
81,82,98,483,Suspicious
4,26,52,372,Suspicious
74,10,66,397,Suspicious
2,60,56,333,Suspicious
5,54,47,400,Suspicious
100,29,94,410,Suspicious
68,80,39,283,Suspicious
54,21,63,589,Suspicious
47,100,36,433,Suspicious
63,20,38,95,Normal
19,34,99,183,Normal
10,15,88,423,Suspicious
9,83,91,387,Suspicious
25,71,66,274,Normal
63,67,33,241,Normal
26,30,25,353,Suspicious
24,13,73,449,Suspicious
92,94,20,576,Malware
20,93,48,378,Suspicious
36,25,22,355,Suspicious
24,61,76,426,Suspicious
91,24,98,361,Suspicious
50,89,64,460,Suspicious
43,53,79,302,Suspicious
95,68,82,212,Suspicious
18,99,87,127,Suspicious
34,69,41,573,Suspicious
92,42,86,422,Suspicious
26,19,25,229,Normal
8,60,37,89,Normal
4,60,51,394,Suspicious
18,28,65,376,Suspicious
78,22,81,586,Suspicious
67,70,85,573,Suspicious
93,63,74,142,Suspicious
1,37,33,394,Suspicious
89,16,25,536,Suspicious
6,61,31,77,Normal
58,19,80,69,Normal
62,26,33,257,Normal
44,54,42,280,Normal
14,15,54,577,Suspicious
23,20,36,480,Suspicious
82,31,37,445,Suspicious
73,72,52,63,Normal
2,11,24,135,Normal
51,78,95,347,Suspicious
29,96,58,107,Suspicious
66,15,89,195,Normal
77,27,90,144,Suspicious
21,33,41,289,Normal
89,10,46,469,Suspicious
5,35,40,506,Suspicious
38,40,99,368,Suspicious
1,94,29,384,Suspicious
18,83,37,400,Suspicious
28,81,58,274,Suspicious
15,42,68,216,Normal
59,50,20,383,Suspicious
65,88,45,439,Suspicious
60,97,91,118,Suspicious
14,42,55,79,Normal
16,62,59,439,Suspicious
21,12,29,563,Suspicious
59,92,43,519,Suspicious
54,29,76,497,Suspicious
14,97,89,109,Suspicious
51,69,91,505,Suspicious
56,86,53,395,Suspicious
1,71,48,560,Suspicious
22,96,43,399,Suspicious
19,87,21,226,Suspicious
50,31,80,284,Normal
95,82,62,353,Suspicious
57,62,70,129,Normal
20,44,69,62,Normal
75,100,54,516,Suspicious
1,12,36,148,Normal
62,81,71,599,Suspicious
58,99,81,156,Suspicious
7,47,23,177,Normal
86,13,33,239,Suspicious
100,25,65,70,Suspicious
44,25,93,542,Suspicious
2,72,63,533,Suspicious
60,71,54,508,Suspicious
78,97,51,416,Suspicious
24,70,62,337,Suspicious
34,63,29,99,Normal
2,26,37,154,Normal
87,93,81,163,Suspicious
19,80,64,582,Suspicious
51,98,30,572,Suspicious
75,97,65,448,Suspicious
13,33,27,316,Suspicious
22,84,78,436,Suspicious
85,86,70,465,Suspicious
98,97,91,467,Malware
96,89,46,490,Malware
39,82,37,395,Suspicious
97,63,51,271,Suspicious
82,38,87,352,Suspicious
51,70,43,409,Suspicious
32,34,98,584,Suspicious
29,15,38,194,Normal
88,54,25,236,Suspicious
69,97,82,158,Suspicious
79,56,41,513,Suspicious
66,62,53,476,Suspicious
9,82,60,102,Suspicious
81,83,26,485,Suspicious
35,36,94,74,Normal
6,53,35,193,Normal
78,29,72,216,Suspicious
79,81,71,298,Suspicious
99,72,27,541,Suspicious
32,34,25,105,Normal
49,27,88,287,Normal
91,72,72,564,Suspicious
48,91,100,577,Suspicious
34,46,48,321,Suspicious
38,90,59,366,Suspicious
98,17,21,358,Suspicious
92,79,99,505,Suspicious
72,23,58,287,Normal
62,20,72,479,Suspicious
90,53,88,546,Suspicious
40,82,20,253,Suspicious
26,99,94,481,Suspicious
6,80,20,489,Suspicious
95,41,78,118,Suspicious
39,56,43,134,Normal
16,47,33,367,Suspicious
51,53,100,210,Normal
40,43,67,104,Normal
15,94,56,550,Suspicious
13,85,85,393,Suspicious
26,56,92,348,Suspicious
71,92,61,452,Suspicious
61,65,31,175,Normal
54,64,68,467,Suspicious
62,68,42,436,Suspicious
61,67,72,324,Suspicious
50,35,91,561,Suspicious
36,66,83,395,Suspicious
47,42,49,505,Suspicious
8,35,97,234,Normal
25,45,74,560,Suspicious
86,64,53,416,Suspicious
37,100,43,300,Suspicious
100,40,51,244,Suspicious
9,29,67,491,Suspicious
31,22,63,55,Normal
31,33,44,77,Normal
83,41,60,192,Suspicious
71,82,68,165,Suspicious
94,58,68,250,Suspicious
94,26,86,431,Suspicious
62,20,42,501,Suspicious
96,34,55,192,Suspicious
35,32,88,107,Normal
3,22,90,315,Suspicious
74,49,21,261,Normal
34,23,99,326,Suspicious
11,33,27,514,Suspicious
88,54,28,357,Suspicious
27,80,91,552,Suspicious
12,55,37,552,Suspicious
83,57,57,80,Suspicious
63,80,78,227,Suspicious
48,26,22,469,Suspicious
41,82,47,256,Suspicious
74,43,54,407,Suspicious
18,43,70,442,Suspicious
54,39,100,211,Normal
96,21,51,587,Suspicious
95,27,42,74,Suspicious
23,23,53,219,Normal
57,82,28,593,Suspicious
17,86,36,416,Suspicious
20,40,47,65,Normal
24,100,34,301,Suspicious
47,20,30,148,Normal
52,35,66,81,Normal
51,11,46,150,Normal
33,50,20,255,Normal
100,58,70,551,Suspicious
58,64,30,528,Suspicious
53,68,61,135,Normal
94,91,89,129,Suspicious
40,13,48,109,Normal
83,16,62,164,Suspicious
64,88,69,101,Suspicious
12,94,47,143,Suspicious
96,39,53,301,Suspicious
86,13,44,251,Suspicious
94,75,95,83,Suspicious
45,13,26,238,Normal
61,10,58,160,Normal
94,81,53,367,Suspicious
80,62,54,489,Suspicious
30,84,52,545,Suspicious
40,33,84,68,Normal
29,24,93,548,Suspicious
48,42,63,519,Suspicious
78,82,89,317,Suspicious
81,68,58,489,Suspicious
92,22,96,156,Suspicious
76,66,37,340,Suspicious
6,59,61,71,Normal
1,69,88,403,Suspicious
1,21,44,343,Suspicious
22,79,42,221,Suspicious
63,72,35,108,Normal
52,76,78,268,Suspicious
92,40,63,146,Suspicious
66,35,34,176,Normal
27,88,47,285,Suspicious
36,34,83,205,Normal
21,19,60,240,Normal
41,56,50,342,Suspicious
90,53,86,476,Suspicious
15,49,50,466,Suspicious
97,29,55,451,Suspicious
99,52,69,530,Suspicious
28,99,93,495,Suspicious
8,89,37,297,Suspicious
31,13,96,175,Normal
39,13,41,191,Normal
15,79,96,207,Suspicious
86,45,24,464,Suspicious
41,38,100,147,Normal
44,17,57,321,Suspicious
11,53,44,448,Suspicious
66,30,35,419,Suspicious
71,40,62,278,Normal
24,21,72,261,Normal
26,78,79,442,Suspicious
25,34,26,411,Suspicious
76,43,79,274,Suspicious
47,86,23,180,Suspicious
84,32,31,159,Suspicious
84,78,70,478,Suspicious
72,68,55,404,Suspicious
83,48,60,347,Suspicious
85,22,35,485,Suspicious
92,25,65,516,Suspicious
67,22,28,425,Suspicious
43,59,23,559,Suspicious
41,18,37,352,Suspicious
74,87,94,193,Suspicious
65,66,39,185,Normal
25,59,36,387,Suspicious
11,59,61,254,Normal
20,75,97,265,Normal
86,53,64,135,Suspicious
69,50,63,487,Suspicious
17,28,32,507,Suspicious
66,60,67,469,Suspicious
84,86,63,586,Suspicious
4,39,48,296,Normal
67,56,39,309,Suspicious
45,99,42,239,Suspicious
64,22,80,161,Normal
63,36,89,396,Suspicious
63,81,28,151,Suspicious
91,58,64,137,Suspicious
96,74,64,364,Suspicious
52,10,64,152,Normal
18,61,91,235,Normal
3,14,60,478,Suspicious
38,30,87,362,Suspicious
46,98,32,406,Suspicious
84,51,31,68,Suspicious
87,100,61,180,Suspicious
14,71,69,196,Normal
18,15,45,370,Suspicious
69,100,22,427,Suspicious
78,92,30,262,Suspicious
96,62,29,559,Suspicious
38,74,59,251,Normal
33,23,91,517,Suspicious
20,59,49,528,Suspicious
99,55,34,296,Suspicious
15,86,30,78,Suspicious
22,58,56,182,Normal
41,61,89,570,Suspicious
61,92,49,360,Suspicious
53,28,68,264,Normal
6,99,62,245,Suspicious
98,87,38,51,Suspicious
36,51,83,488,Suspicious
80,62,39,420,Suspicious
22,42,88,455,Suspicious
74,83,54,392,Suspicious
91,100,61,195,Suspicious
19,49,79,485,Suspicious
23,54,62,57,Normal
64,92,54,82,Suspicious
23,21,84,275,Normal
3,86,29,589,Suspicious
45,25,82,180,Normal
43,95,71,89,Suspicious
62,23,45,232,Normal
45,29,75,132,Normal
67,95,37,473,Suspicious
2,85,70,263,Suspicious
7,52,24,90,Normal
75,30,98,268,Normal
62,59,39,356,Suspicious
25,49,27,522,Suspicious
98,24,59,485,Suspicious
82,87,33,516,Suspicious
99,57,84,437,Suspicious
77,24,54,436,Suspicious
20,56,89,144,Normal
12,38,87,403,Suspicious
68,19,59,497,Suspicious
58,71,82,449,Suspicious
80,55,86,446,Suspicious
81,74,99,54,Suspicious
74,48,61,172,Normal
66,67,67,335,Suspicious
2,10,50,486,Suspicious
24,52,95,87,Normal
15,91,53,97,Suspicious
29,62,84,371,Suspicious
48,41,20,69,Normal
58,66,81,211,Normal
20,12,100,395,Suspicious
91,25,84,77,Suspicious
26,67,64,462,Suspicious
66,80,39,102,Suspicious
3,86,33,185,Suspicious
16,95,52,265,Suspicious
61,40,69,372,Suspicious
32,59,98,373,Suspicious
71,58,79,303,Suspicious
6,81,62,373,Suspicious
64,50,90,178,Normal
45,11,29,151,Normal
71,31,22,354,Suspicious
17,96,98,347,Suspicious
11,31,67,506,Suspicious
41,78,59,267,Suspicious
76,17,90,122,Suspicious
84,39,20,222,Suspicious
18,84,21,314,Suspicious
92,85,77,501,Suspicious
13,100,98,217,Suspicious
69,26,63,293,Normal
72,63,82,152,Normal
26,47,38,557,Suspicious
53,86,87,101,Suspicious
65,26,63,96,Normal
41,29,85,420,Suspicious
25,56,82,218,Normal
25,52,80,458,Suspicious
47,43,48,367,Suspicious
4,69,84,139,Normal
53,18,46,437,Suspicious
52,26,58,160,Normal
82,75,87,277,Suspicious
96,55,93,136,Suspicious
93,78,98,347,Suspicious
86,61,22,515,Suspicious
35,98,85,185,Suspicious
98,100,22,220,Suspicious
72,53,74,265,Normal
40,86,30,515,Suspicious
40,84,100,298,Suspicious
30,33,54,491,Suspicious
9,41,67,71,Normal
50,18,52,447,Suspicious
24,99,65,229,Suspicious
29,46,76,407,Suspicious
8,39,48,79,Normal
34,80,61,279,Suspicious
26,39,76,222,Normal
77,93,31,435,Suspicious
83,95,29,576,Suspicious
42,84,58,259,Suspicious
56,26,20,120,Normal
7,56,77,398,Suspicious
65,87,99,83,Suspicious
36,22,67,122,Normal
69,55,93,224,Normal
48,74,87,61,Normal
59,23,91,237,Normal
77,30,31,178,Suspicious
86,56,21,245,Suspicious
20,23,52,240,Normal
33,58,48,348,Suspicious
24,14,99,266,Normal
93,97,53,175,Suspicious
90,86,22,109,Suspicious
26,12,55,158,Normal
30,82,91,454,Suspicious
39,67,26,544,Suspicious
24,54,72,366,Suspicious
91,13,40,181,Suspicious
29,91,81,326,Suspicious
72,17,51,218,Normal
20,67,66,495,Suspicious
6,49,91,248,Normal
84,19,39,183,Suspicious
36,93,61,68,Suspicious
16,65,80,550,Suspicious
71,42,27,440,Suspicious
8,81,68,590,Suspicious
59,19,90,360,Suspicious
21,99,59,281,Suspicious
98,71,61,245,Suspicious
37,23,26,387,Suspicious
45,46,95,332,Suspicious
57,79,28,484,Suspicious
58,18,57,581,Suspicious
35,57,72,140,Normal
29,42,78,497,Suspicious
34,39,71,429,Suspicious
46,28,76,461,Suspicious
34,88,42,192,Suspicious
34,48,66,462,Suspicious
56,88,96,182,Suspicious
57,63,49,402,Suspicious
4,43,84,411,Suspicious
42,53,41,185,Normal
93,16,82,299,Suspicious
2,69,87,421,Suspicious
75,72,60,329,Suspicious
67,75,43,502,Suspicious
21,100,40,169,Suspicious
54,28,42,533,Suspicious
28,20,28,226,Normal
99,88,31,251,Suspicious
12,52,54,185,Normal
50,44,84,169,Normal
82,23,42,549,Suspicious
82,45,73,583,Suspicious
1,66,21,512,Suspicious
15,91,64,193,Suspicious
17,62,61,497,Suspicious
4,33,51,97,Normal
21,80,22,79,Suspicious
94,100,60,389,Suspicious
15,38,53,143,Normal
24,20,32,488,Suspicious
70,14,26,240,Normal
39,82,70,113,Suspicious
49,77,77,60,Suspicious
23,15,67,144,Normal
16,55,92,90,Normal
38,35,25,357,Suspicious
84,53,51,512,Suspicious
95,73,93,486,Suspicious
94,15,94,321,Suspicious
35,73,20,543,Suspicious
51,74,94,233,Normal
86,40,92,462,Suspicious
21,40,70,155,Normal
29,90,100,147,Suspicious
34,98,64,579,Suspicious
80,64,70,144,Suspicious
41,24,100,199,Normal
78,39,45,493,Suspicious
51,26,39,171,Normal
37,30,37,373,Suspicious
18,33,74,130,Normal
57,84,57,449,Suspicious
95,15,69,463,Suspicious
60,45,38,535,Suspicious
70,15,90,353,Suspicious
16,83,63,210,Suspicious
15,23,53,157,Normal
98,99,43,218,Suspicious
51,56,56,72,Normal
38,81,52,151,Suspicious
38,23,41,465,Suspicious
43,78,64,442,Suspicious
99,46,72,391,Suspicious
24,98,27,447,Suspicious
29,63,21,489,Suspicious
91,100,72,138,Suspicious
31,14,73,63,Normal
50,99,81,344,Suspicious
38,58,20,169,Normal
46,65,50,366,Suspicious
34,100,66,455,Suspicious
92,72,41,69,Suspicious
19,50,29,193,Normal
79,85,99,331,Suspicious
86,57,43,335,Suspicious
51,24,24,252,Normal
47,37,66,393,Suspicious
79,39,23,433,Suspicious
17,76,70,183,Suspicious
7,24,80,175,Normal
30,49,46,59,Normal
68,18,71,418,Suspicious
40,74,45,186,Normal
49,17,64,188,Normal
3,81,92,105,Suspicious
92,80,62,382,Suspicious
2,53,33,472,Suspicious
71,97,73,532,Suspicious
14,53,67,321,Suspicious
18,70,89,243,Normal
81,21,59,197,Suspicious
6,95,28,315,Suspicious
59,65,71,488,Suspicious
67,92,93,502,Suspicious
99,26,47,503,Suspicious
18,96,26,120,Suspicious
90,83,41,138,Suspicious
37,33,45,171,Normal
87,35,21,407,Suspicious
15,31,33,72,Normal
51,77,51,367,Suspicious
11,59,58,407,Suspicious
82,29,100,149,Suspicious
42,32,79,59,Normal
4,68,74,494,Suspicious
92,72,79,490,Suspicious
15,40,71,292,Normal
35,70,100,472,Suspicious
26,74,51,313,Suspicious
40,84,40,183,Suspicious
64,86,74,285,Suspicious
9,89,79,590,Suspicious
5,88,38,541,Suspicious
52,28,55,469,Suspicious
35,22,64,90,Normal
53,83,54,497,Suspicious
30,38,86,106,Normal
59,28,35,53,Normal
39,64,63,95,Normal
81,64,68,274,Suspicious
73,32,89,337,Suspicious
58,73,32,97,Normal
8,82,82,74,Suspicious
46,49,29,553,Suspicious
82,66,27,571,Suspicious
40,57,96,519,Suspicious
7,81,36,546,Suspicious
2,45,30,595,Suspicious
11,32,39,231,Normal
91,46,97,507,Suspicious
33,96,97,547,Suspicious
62,23,94,368,Suspicious
36,78,27,292,Suspicious
5,90,93,128,Suspicious
23,23,95,452,Suspicious
96,39,34,234,Suspicious
27,62,67,211,Normal
75,19,67,169,Normal
8,79,77,156,Suspicious
66,11,77,369,Suspicious
80,54,33,495,Suspicious
18,13,21,150,Normal
37,66,23,202,Normal
72,69,48,241,Normal
28,42,90,191,Normal
73,62,40,423,Suspicious
79,51,37,231,Suspicious
33,58,92,378,Suspicious
9,32,74,463,Suspicious
54,73,71,242,Normal
29,24,78,59,Normal
67,51,39,194,Normal
51,23,47,365,Suspicious
11,56,64,576,Suspicious
87,65,70,473,Suspicious
2,72,36,300,Normal
31,49,45,506,Suspicious
74,59,91,336,Suspicious
100,12,30,536,Suspicious
54,90,43,526,Suspicious
13,30,49,107,Normal
27,81,24,329,Suspicious
29,80,78,494,Suspicious
70,90,76,87,Suspicious
76,82,38,512,Suspicious
94,61,31,174,Suspicious
70,43,33,389,Suspicious
76,81,89,357,Suspicious
24,11,48,441,Suspicious
21,39,54,574,Suspicious
19,20,62,500,Suspicious
50,74,41,335,Suspicious
33,50,70,370,Suspicious
28,85,23,332,Suspicious
33,15,48,442,Suspicious
53,32,39,525,Suspicious
44,81,37,393,Suspicious
72,14,44,89,Normal
62,31,56,428,Suspicious
64,66,48,349,Suspicious
25,23,44,291,Normal
75,91,98,243,Suspicious
84,91,86,81,Suspicious
5,61,53,472,Suspicious
94,93,24,558,Malware
49,55,61,286,Normal
89,32,78,450,Suspicious
7,38,22,454,Suspicious
48,79,38,510,Suspicious
5,49,48,457,Suspicious
100,30,93,595,Suspicious
79,100,83,407,Suspicious
67,82,38,516,Suspicious
29,85,52,507,Suspicious
83,25,23,583,Suspicious
27,41,84,426,Suspicious
48,56,64,585,Suspicious
69,64,78,519,Suspicious
37,98,58,410,Suspicious
56,57,39,50,Normal
81,81,85,592,Suspicious
86,39,88,401,Suspicious
30,81,65,92,Suspicious
66,24,42,205,Normal
73,92,94,300,Suspicious
3,94,85,503,Suspicious
99,32,93,124,Suspicious
77,82,28,573,Suspicious
68,27,95,357,Suspicious
69,14,61,428,Suspicious
17,71,32,562,Suspicious
68,16,42,319,Suspicious
46,20,37,462,Suspicious
54,56,47,93,Normal
91,80,53,306,Suspicious
41,84,54,179,Suspicious
36,100,51,333,Suspicious
68,67,55,83,Normal
12,58,85,521,Suspicious
54,57,90,546,Suspicious
76,60,25,445,Suspicious
46,100,83,510,Suspicious
61,55,89,286,Normal
14,38,27,263,Normal
76,88,54,570,Suspicious
73,91,43,573,Suspicious
60,94,46,327,Suspicious
10,81,71,179,Suspicious
95,94,72,306,Suspicious
59,62,61,66,Normal
56,85,70,60,Suspicious
55,46,94,376,Suspicious
99,80,70,182,Suspicious
92,94,30,437,Suspicious
79,19,21,120,Suspicious
31,35,66,290,Normal
91,53,80,464,Suspicious
9,60,99,433,Suspicious
79,48,28,174,Suspicious
88,46,79,226,Suspicious
12,16,68,151,Normal
91,10,100,527,Suspicious
84,74,84,495,Suspicious
13,53,98,533,Suspicious
64,28,58,385,Suspicious
72,48,67,224,Normal
5,70,97,412,Suspicious
40,28,46,441,Suspicious
91,31,91,125,Suspicious
48,13,67,492,Suspicious
40,29,74,98,Normal
8,89,73,444,Suspicious
53,42,81,157,Normal
39,92,50,297,Suspicious
83,25,39,152,Suspicious
70,34,63,515,Suspicious
3,49,94,236,Normal
30,49,78,147,Normal
66,78,90,180,Suspicious
83,43,80,551,Suspicious
24,29,29,350,Suspicious
84,18,43,520,Suspicious
72,54,49,467,Suspicious
100,50,97,102,Suspicious
33,61,47,454,Suspicious
97,21,63,255,Suspicious
65,89,59,122,Suspicious
91,34,71,347,Suspicious
80,38,69,124,Suspicious
79,40,21,180,Suspicious
21,28,56,387,Suspicious
39,80,56,473,Suspicious
10,72,26,269,Normal
89,73,56,343,Suspicious
77,31,45,279,Suspicious
67,73,31,206,Normal
97,20,57,406,Suspicious
93,66,47,333,Suspicious
38,19,39,254,Normal
77,73,86,196,Suspicious
65,100,85,523,Suspicious
45,32,26,133,Normal
93,22,21,411,Suspicious
93,35,71,317,Suspicious
84,50,50,288,Suspicious
37,49,52,319,Suspicious
68,65,91,446,Suspicious
91,21,60,368,Suspicious
3,47,26,467,Suspicious
98,23,68,290,Suspicious
48,35,35,462,Suspicious
26,27,94,589,Suspicious
24,68,60,433,Suspicious
97,64,35,440,Suspicious
93,18,87,574,Suspicious
91,12,61,263,Suspicious
35,88,58,169,Suspicious
64,30,60,338,Suspicious
87,78,30,306,Suspicious
58,86,52,205,Suspicious
51,46,25,126,Normal
41,96,40,95,Suspicious
38,93,76,357,Suspicious
42,72,67,311,Suspicious
89,34,85,85,Suspicious
26,98,27,66,Suspicious
86,11,61,156,Suspicious
16,13,33,420,Suspicious
89,20,26,591,Suspicious
68,97,41,354,Suspicious
27,42,27,293,Normal
75,83,94,299,Suspicious
53,10,27,331,Suspicious
85,64,23,311,Suspicious
61,26,35,182,Normal
65,49,64,582,Suspicious
92,40,34,572,Suspicious
34,71,28,109,Normal
16,43,79,169,Normal
98,75,100,592,Suspicious
1,16,52,437,Suspicious
33,34,88,56,Normal
58,42,99,114,Normal
4,22,41,283,Normal
56,38,79,59,Normal
31,80,59,251,Suspicious
7,77,36,259,Suspicious
5,76,88,354,Suspicious
76,98,54,339,Suspicious
70,26,70,578,Suspicious
36,58,32,303,Suspicious
36,26,98,386,Suspicious
21,89,89,365,Suspicious
82,39,34,491,Suspicious
24,80,40,369,Suspicious
67,99,75,287,Suspicious
49,64,62,53,Normal
24,36,60,79,Normal
84,82,90,205,Suspicious
4,23,21,397,Suspicious
89,32,41,529,Suspicious
12,50,50,113,Normal
6,75,24,495,Suspicious
39,87,71,330,Suspicious
49,37,41,428,Suspicious
3,61,77,53,Normal
49,85,51,119,Suspicious
42,21,92,528,Suspicious
51,44,66,238,Normal
57,91,23,600,Suspicious
34,93,23,52,Suspicious
89,88,80,495,Suspicious
28,66,73,284,Normal
80,65,80,486,Suspicious
86,78,92,127,Suspicious
78,63,76,526,Suspicious
36,81,98,590,Suspicious
60,17,100,166,Normal
34,73,86,244,Normal
19,50,76,146,Normal
24,84,26,422,Suspicious
14,71,30,426,Suspicious
57,81,41,323,Suspicious
50,86,60,267,Suspicious
57,51,71,523,Suspicious
50,18,31,430,Suspicious
10,50,43,582,Suspicious
87,98,82,381,Suspicious
65,41,79,304,Suspicious
29,46,72,335,Suspicious
41,69,24,136,Normal
47,14,90,326,Suspicious
50,25,79,207,Normal
54,42,47,364,Suspicious
72,83,23,313,Suspicious
9,12,24,51,Normal
90,11,53,518,Suspicious
55,13,41,242,Normal
28,93,75,312,Suspicious
31,51,75,172,Normal
67,80,87,213,Suspicious
79,36,82,497,Suspicious
52,76,96,363,Suspicious
7,17,20,216,Normal
93,11,46,490,Suspicious
98,50,46,203,Suspicious
100,72,66,180,Suspicious
77,99,95,468,Suspicious
14,38,70,285,Normal
5,94,27,244,Suspicious
94,63,90,134,Suspicious
40,53,63,444,Suspicious
10,77,24,119,Suspicious
75,74,48,114,Normal
75,74,55,173,Normal
47,96,46,531,Suspicious
96,93,96,152,Suspicious
27,10,93,106,Normal
38,11,73,214,Normal
43,80,46,380,Suspicious
21,93,25,450,Suspicious
30,96,34,585,Suspicious
90,50,36,181,Suspicious
28,74,29,197,Normal
60,57,31,474,Suspicious
41,91,32,446,Suspicious
98,69,82,264,Suspicious
47,16,24,529,Suspicious
34,35,71,520,Suspicious
22,89,35,441,Suspicious
50,86,32,508,Suspicious
58,19,95,74,Normal
38,100,68,523,Suspicious
79,32,36,503,Suspicious
14,78,42,544,Suspicious
36,47,37,455,Suspicious
74,80,48,270,Suspicious
51,71,70,78,Normal
43,75,67,531,Suspicious
80,34,67,215,Suspicious
93,57,95,251,Suspicious
5,81,61,318,Suspicious
92,62,97,361,Suspicious
16,30,69,351,Suspicious
67,14,52,477,Suspicious
29,90,45,217,Suspicious
11,91,98,409,Suspicious
39,84,41,448,Suspicious
43,99,74,83,Suspicious
43,94,67,204,Suspicious
55,15,90,562,Suspicious
74,20,76,532,Suspicious
64,28,64,296,Normal
62,29,77,87,Normal
77,20,86,316,Suspicious
97,47,63,133,Suspicious
25,14,22,430,Suspicious
12,99,24,592,Suspicious
69,83,37,389,Suspicious
3,42,69,307,Suspicious
99,63,56,107,Suspicious
36,17,71,66,Normal
79,22,67,333,Suspicious
67,83,42,353,Suspicious
69,63,96,155,Normal
6,77,82,291,Suspicious
64,31,39,385,Suspicious
15,20,88,361,Suspicious
70,83,36,450,Suspicious
49,22,87,559,Suspicious
48,13,25,252,Normal
34,17,36,591,Suspicious
40,10,94,306,Suspicious
65,26,100,237,Normal
39,95,68,505,Suspicious
14,88,86,311,Suspicious
76,89,99,315,Suspicious
18,78,50,584,Suspicious
60,97,31,519,Suspicious
84,18,20,549,Suspicious
33,24,80,144,Normal
10,25,89,134,Normal
71,10,56,327,Suspicious
22,82,43,323,Suspicious
93,66,94,550,Suspicious
93,66,57,363,Suspicious
32,38,34,478,Suspicious
10,31,98,554,Suspicious
85,91,33,597,Suspicious
57,44,57,437,Suspicious
91,72,75,249,Suspicious
96,85,88,249,Suspicious
1,92,46,347,Suspicious
73,25,91,375,Suspicious
51,42,79,236,Normal
78,50,37,230,Suspicious
69,58,31,155,Normal
19,84,23,80,Suspicious
90,56,87,77,Suspicious
5,68,61,156,Normal
17,29,37,160,Normal
68,36,92,122,Normal
16,17,40,397,Suspicious
33,14,62,138,Normal
9,18,34,345,Suspicious
89,61,22,203,Suspicious
43,72,95,411,Suspicious
72,20,24,337,Suspicious
94,22,90,481,Suspicious
52,83,80,262,Suspicious
83,83,69,424,Suspicious
65,62,61,280,Normal
33,95,44,98,Suspicious
7,46,49,324,Suspicious
62,30,73,439,Suspicious
44,88,92,414,Suspicious
94,58,86,501,Suspicious
16,72,86,532,Suspicious
62,66,40,274,Normal
41,66,61,190,Normal
59,100,60,145,Suspicious
77,77,97,89,Suspicious
76,77,70,151,Suspicious
96,90,55,417,Suspicious
72,42,80,415,Suspicious
6,51,37,530,Suspicious
16,89,42,343,Suspicious
61,83,81,118,Suspicious
74,53,40,586,Suspicious
71,96,47,591,Suspicious
89,62,40,597,Suspicious
29,73,85,375,Suspicious
38,58,27,237,Normal
10,38,48,436,Suspicious
96,17,71,204,Suspicious
85,48,89,464,Suspicious
54,80,56,250,Suspicious
86,23,44,406,Suspicious
14,83,34,380,Suspicious
78,32,71,285,Suspicious
68,72,98,345,Suspicious
2,45,51,211,Normal
28,66,34,562,Suspicious
18,31,94,472,Suspicious
26,80,98,368,Suspicious
39,68,44,212,Normal
29,19,76,297,Normal
22,10,71,557,Suspicious
70,74,39,545,Suspicious
91,75,38,75,Suspicious
96,93,43,156,Suspicious
35,63,23,460,Suspicious
83,59,52,595,Suspicious
56,26,93,414,Suspicious
86,24,25,526,Suspicious
77,68,51,368,Suspicious
36,26,96,353,Suspicious
44,44,26,176,Normal
56,53,52,60,Normal
49,40,64,131,Normal
18,58,36,155,Normal
54,77,29,73,Suspicious
72,78,82,261,Suspicious
30,41,81,147,Normal
53,63,52,182,Normal
46,17,35,229,Normal
83,76,99,300,Suspicious
88,93,52,177,Suspicious
23,91,43,269,Suspicious
82,75,27,480,Suspicious
71,45,73,481,Suspicious
14,58,41,480,Suspicious
52,53,73,449,Suspicious
1,98,74,390,Suspicious
7,13,65,80,Normal
96,77,96,259,Suspicious
24,51,32,525,Suspicious
53,12,40,67,Normal
99,11,30,87,Suspicious
26,99,72,190,Suspicious
60,76,28,99,Suspicious
70,17,80,86,Normal
83,29,50,449,Suspicious
57,39,44,586,Suspicious
15,92,49,326,Suspicious
73,25,89,231,Normal
61,13,95,165,Normal
47,56,76,553,Suspicious
31,72,27,491,Suspicious
35,91,48,199,Suspicious
30,10,34,304,Suspicious
87,99,77,518,Suspicious
97,95,52,108,Suspicious
3,24,23,382,Suspicious
86,35,74,275,Suspicious
99,84,44,255,Suspicious
22,99,47,372,Suspicious
98,11,32,189,Suspicious
47,86,81,546,Suspicious
18,93,55,355,Suspicious
95,83,64,338,Suspicious
34,56,81,377,Suspicious
83,58,54,586,Suspicious
93,30,91,256,Suspicious
82,36,20,52,Suspicious
55,24,98,386,Suspicious
55,51,27,489,Suspicious
5,61,23,268,Normal
45,42,44,265,Normal
63,13,43,425,Suspicious
95,22,81,353,Suspicious
59,96,93,255,Suspicious
26,83,30,144,Suspicious
35,99,30,98,Suspicious
61,51,85,285,Normal
15,29,92,598,Suspicious
30,36,72,128,Normal
69,34,81,276,Normal
30,17,27,484,Suspicious
13,82,80,115,Suspicious
22,88,75,253,Suspicious
82,45,60,369,Suspicious
10,52,97,399,Suspicious
55,25,42,352,Suspicious
98,75,55,559,Suspicious
9,80,37,478,Suspicious
20,17,50,99,Normal
95,95,45,222,Suspicious
64,60,25,510,Suspicious
38,25,21,476,Suspicious
80,81,70,531,Suspicious
60,13,87,126,Normal
7,67,83,141,Normal
38,22,28,112,Normal
53,58,97,265,Normal
100,25,99,360,Suspicious
100,95,82,308,Suspicious
17,50,66,472,Suspicious
99,58,55,520,Suspicious
76,71,82,192,Suspicious
88,96,61,376,Suspicious
70,97,58,480,Suspicious
23,57,83,567,Suspicious
50,52,69,436,Suspicious
9,21,76,98,Normal
80,76,26,145,Suspicious
43,70,65,492,Suspicious
8,26,89,77,Normal
17,81,55,349,Suspicious
13,93,58,209,Suspicious
85,83,79,80,Suspicious
25,58,51,534,Suspicious
17,40,40,266,Normal
45,49,39,192,Normal
29,41,35,377,Suspicious
99,53,77,488,Suspicious
12,66,22,585,Suspicious
94,20,92,391,Suspicious
75,26,62,423,Suspicious
61,18,22,213,Normal
39,35,34,560,Suspicious
59,92,64,212,Suspicious
85,40,30,56,Suspicious
10,96,40,480,Suspicious
38,86,99,174,Suspicious
76,71,64,170,Suspicious
51,46,87,114,Normal
73,97,66,236,Suspicious
96,60,39,260,Suspicious
64,54,39,566,Suspicious
55,89,60,163,Suspicious
43,17,80,319,Suspicious
79,36,72,319,Suspicious
22,43,28,120,Normal
1,18,36,340,Suspicious
11,27,100,501,Suspicious
87,98,40,69,Suspicious
16,60,77,77,Normal
20,37,73,520,Suspicious
88,51,68,348,Suspicious
11,95,63,474,Suspicious
22,45,53,445,Suspicious
88,87,38,203,Suspicious
23,67,31,386,Suspicious
58,77,62,258,Suspicious
36,48,22,417,Suspicious
39,72,93,473,Suspicious
47,34,88,319,Suspicious
66,72,90,147,Normal
88,29,65,303,Suspicious
4,20,88,78,Normal
4,83,72,447,Suspicious
52,98,42,260,Suspicious
93,32,27,204,Suspicious
56,58,35,228,Normal
94,77,60,187,Suspicious
77,67,65,414,Suspicious
86,67,39,186,Suspicious
75,82,86,503,Suspicious
57,93,26,93,Suspicious
19,84,24,485,Suspicious
41,16,98,50,Normal
94,74,95,465,Suspicious
81,55,83,50,Suspicious
91,19,80,295,Suspicious
63,42,91,461,Suspicious
71,71,66,515,Suspicious
56,17,48,557,Suspicious
62,36,40,93,Normal
66,65,64,352,Suspicious
77,48,33,424,Suspicious
95,96,92,394,Suspicious
98,17,89,429,Suspicious
88,94,24,526,Suspicious
44,39,85,537,Suspicious
71,45,38,537,Suspicious
75,86,33,448,Suspicious
31,30,53,178,Normal
28,25,94,279,Normal
96,54,82,591,Suspicious
80,83,69,178,Suspicious
95,40,57,588,Suspicious
58,19,28,266,Normal
14,61,97,485,Suspicious
37,95,38,204,Suspicious
40,25,67,150,Normal
57,31,34,128,Normal
82,37,84,114,Suspicious
64,32,34,117,Normal
20,49,89,114,Normal
2,38,58,363,Suspicious
20,49,38,440,Suspicious
86,13,80,484,Suspicious
8,46,42,446,Suspicious
13,16,36,72,Normal
29,41,61,175,Normal
21,100,92,320,Suspicious
18,62,80,536,Suspicious
71,21,33,355,Suspicious
5,20,92,343,Suspicious
52,30,91,519,Suspicious
93,29,36,291,Suspicious
25,40,25,484,Suspicious
92,40,83,344,Suspicious
62,44,79,379,Suspicious
39,97,23,248,Suspicious
2,27,60,408,Suspicious
89,44,20,435,Suspicious
18,34,61,586,Suspicious
34,67,68,455,Suspicious
70,41,85,494,Suspicious
91,54,34,281,Suspicious
50,80,47,164,Suspicious
45,97,79,431,Suspicious
61,66,92,164,Normal
51,43,74,73,Normal
15,93,80,574,Suspicious
83,10,69,519,Suspicious
77,16,34,157,Suspicious
90,18,87,77,Suspicious
30,26,28,599,Suspicious
43,60,20,303,Suspicious
63,55,41,360,Suspicious
41,68,69,67,Normal
2,11,78,132,Normal
12,75,57,502,Suspicious
58,85,84,349,Suspicious
34,53,85,198,Normal
9,19,34,297,Normal
80,84,45,472,Suspicious
43,40,92,82,Normal
65,23,77,475,Suspicious
22,35,24,342,Suspicious
98,34,28,410,Suspicious
44,20,31,383,Suspicious
41,60,34,241,Normal
8,28,38,134,Normal
89,48,74,194,Suspicious
8,91,35,593,Suspicious
46,96,55,434,Suspicious
92,81,44,194,Suspicious
16,26,89,497,Suspicious
58,79,52,80,Suspicious
43,64,66,129,Normal
31,35,77,158,Normal
30,97,28,142,Suspicious
54,33,21,262,Normal
8,56,78,73,Normal
77,50,43,548,Suspicious
50,94,50,479,Suspicious
3,69,53,65,Normal
49,64,51,188,Normal
81,88,72,237,Suspicious
14,63,61,246,Normal
90,89,51,561,Suspicious
46,33,60,334,Suspicious
98,88,49,53,Suspicious
56,16,92,113,Normal
45,28,40,79,Normal
78,36,53,203,Suspicious
29,35,87,549,Suspicious
61,69,70,252,Normal
17,47,55,98,Normal
75,54,35,582,Suspicious
19,29,49,311,Suspicious
88,85,21,320,Suspicious
4,44,62,439,Suspicious
5,34,82,434,Suspicious
44,24,59,254,Normal
17,39,95,581,Suspicious
69,13,46,249,Normal
24,42,96,558,Suspicious
78,80,28,147,Suspicious
69,86,87,339,Suspicious
55,83,75,540,Suspicious
76,53,42,263,Suspicious
98,100,32,379,Suspicious
47,39,69,133,Normal
37,41,34,274,Normal
62,47,67,461,Suspicious
6,26,56,241,Normal
39,92,35,536,Suspicious
17,56,40,70,Normal
87,20,66,177,Suspicious
88,38,87,144,Suspicious
91,78,25,383,Suspicious
57,94,26,336,Suspicious
78,57,94,63,Suspicious
39,44,51,215,Normal
19,36,65,274,Normal
44,77,44,277,Suspicious
69,23,97,296,Normal
31,90,27,303,Suspicious
67,18,75,430,Suspicious
92,21,27,473,Suspicious
34,63,86,203,Normal
94,55,93,409,Suspicious
43,12,70,166,Normal
35,37,33,440,Suspicious
4,30,25,324,Suspicious
99,11,90,476,Suspicious
6,30,96,514,Suspicious
96,16,32,390,Suspicious
19,16,66,504,Suspicious
60,39,68,481,Suspicious
19,53,61,65,Normal
15,34,70,594,Suspicious
38,39,52,591,Suspicious
7,54,29,305,Suspicious
43,72,64,217,Normal
93,34,87,397,Suspicious
63,93,37,148,Suspicious
13,11,95,565,Suspicious
72,88,56,153,Suspicious
2,37,22,52,Normal
35,50,92,232,Normal
19,64,89,407,Suspicious
16,52,28,553,Suspicious
16,75,59,151,Normal
55,70,38,269,Normal
71,31,31,493,Suspicious
46,83,22,174,Suspicious
96,25,29,250,Suspicious
57,38,28,465,Suspicious
62,61,97,382,Suspicious
43,38,90,249,Normal
67,91,41,433,Suspicious
18,89,78,83,Suspicious
54,30,70,160,Normal
32,74,32,497,Suspicious
24,79,63,422,Suspicious
16,69,87,503,Suspicious
38,51,27,532,Suspicious
6,56,64,310,Suspicious
23,70,48,403,Suspicious
44,58,49,285,Normal
28,78,69,284,Suspicious
94,74,93,419,Suspicious
60,49,59,528,Suspicious
54,15,94,86,Normal
52,63,21,465,Suspicious
29,29,92,280,Normal
83,34,43,321,Suspicious
100,41,88,189,Suspicious
66,36,63,466,Suspicious
36,68,20,402,Suspicious
84,50,76,189,Suspicious
78,65,75,447,Suspicious
4,43,53,253,Normal
75,25,32,158,Normal
99,28,93,474,Suspicious
98,96,32,345,Suspicious
22,35,96,113,Normal
17,61,41,506,Suspicious
8,33,70,388,Suspicious
45,25,22,519,Suspicious
89,19,47,395,Suspicious
43,17,29,503,Suspicious
56,22,25,274,Normal
19,42,96,455,Suspicious
60,65,94,277,Normal
56,63,69,173,Normal
62,57,80,200,Normal
71,79,61,463,Suspicious
56,58,60,230,Normal
23,15,27,80,Normal
10,80,86,246,Suspicious
86,33,35,98,Suspicious
51,19,62,173,Normal
70,74,52,300,Normal
55,96,76,72,Suspicious
88,20,26,523,Suspicious
39,85,79,260,Suspicious
43,65,45,345,Suspicious
55,86,64,586,Suspicious
8,95,33,273,Suspicious
49,70,39,141,Normal
25,93,47,373,Suspicious
66,96,92,344,Suspicious
59,99,61,419,Suspicious
77,89,76,63,Suspicious
62,37,33,230,Normal
14,19,80,279,Normal
13,37,77,235,Normal
99,73,97,392,Suspicious
44,36,57,253,Normal
24,55,20,105,Normal
60,53,77,115,Normal
29,19,48,287,Normal
35,69,41,423,Suspicious
45,51,82,105,Normal
80,64,50,352,Suspicious
40,37,22,139,Normal
85,85,41,513,Suspicious
78,52,92,245,Suspicious
47,12,30,370,Suspicious
61,28,82,218,Normal
90,58,98,119,Suspicious
25,17,25,152,Normal
72,96,80,173,Suspicious
37,82,57,533,Suspicious
13,57,33,417,Suspicious
27,16,54,567,Suspicious
93,76,62,366,Suspicious
92,100,34,470,Malware
26,100,35,155,Suspicious
21,18,92,524,Suspicious
47,24,51,482,Suspicious
54,62,47,108,Normal
40,35,95,282,Normal
76,22,83,547,Suspicious
3,22,57,600,Suspicious
39,54,93,460,Suspicious
98,93,67,271,Suspicious
95,44,46,162,Suspicious
5,59,24,575,Suspicious
90,16,90,410,Suspicious
23,83,95,309,Suspicious
34,91,39,364,Suspicious
31,89,63,231,Suspicious
11,52,44,160,Normal
74,58,82,375,Suspicious
24,72,44,557,Suspicious
79,71,77,413,Suspicious
23,62,81,577,Suspicious
7,10,79,589,Suspicious
10,38,30,120,Normal
52,52,45,368,Suspicious
23,97,42,163,Suspicious
84,19,61,440,Suspicious
89,16,54,86,Suspicious
51,78,83,99,Suspicious
79,17,61,395,Suspicious
95,68,66,444,Suspicious
48,19,100,109,Normal
60,53,87,426,Suspicious
100,54,94,276,Suspicious
7,35,97,401,Suspicious
13,90,79,63,Suspicious
84,99,45,473,Suspicious
93,39,25,463,Suspicious
49,48,93,60,Normal
62,81,80,315,Suspicious
53,65,62,512,Suspicious
59,87,20,163,Suspicious
34,72,34,108,Normal
16,90,20,419,Suspicious
45,98,74,581,Suspicious
61,98,81,448,Suspicious
7,25,47,265,Normal
87,71,55,517,Suspicious
11,34,95,305,Suspicious
83,64,58,542,Suspicious
37,20,77,149,Normal
35,18,74,347,Suspicious
34,47,91,126,Normal
94,22,41,508,Suspicious
23,43,44,532,Suspicious
40,83,34,239,Suspicious
68,46,79,322,Suspicious
8,34,48,359,Suspicious
99,20,24,58,Suspicious
40,64,27,425,Suspicious
47,47,74,533,Suspicious
65,74,22,167,Normal
60,14,53,331,Suspicious
33,52,99,203,Normal
100,71,28,305,Suspicious
68,21,83,346,Suspicious
7,22,95,180,Normal
12,66,44,299,Normal
57,28,75,525,Suspicious
72,76,96,599,Suspicious
31,72,28,298,Normal
49,16,97,422,Suspicious
14,24,45,348,Suspicious
25,17,62,265,Normal
14,24,20,475,Suspicious
99,97,87,211,Suspicious
29,62,54,204,Normal
68,69,99,362,Suspicious
92,97,91,153,Suspicious
41,76,99,598,Suspicious
70,93,96,586,Suspicious
16,49,53,240,Normal
84,19,20,126,Suspicious
23,83,63,147,Suspicious
63,34,69,279,Normal
20,53,36,349,Suspicious
12,86,100,234,Suspicious
43,86,83,97,Suspicious
67,51,99,189,Normal
97,58,93,125,Suspicious
61,33,83,229,Normal
85,40,20,90,Suspicious
98,73,34,414,Suspicious
62,10,75,232,Normal
65,66,27,182,Normal
35,88,26,289,Suspicious
51,52,60,354,Suspicious
23,27,83,273,Normal
5,61,27,100,Normal
6,65,46,323,Suspicious
34,78,27,284,Suspicious
73,35,67,125,Normal
99,41,78,295,Suspicious
41,46,49,322,Suspicious
34,44,99,194,Normal
85,54,82,480,Suspicious
27,73,56,266,Normal
24,69,94,80,Normal
38,45,30,238,Normal
51,88,98,335,Suspicious
4,32,51,241,Normal
31,75,69,101,Normal
21,96,79,178,Suspicious
46,21,24,503,Suspicious
70,47,47,85,Normal
59,53,62,364,Suspicious
100,64,82,286,Suspicious
58,16,65,530,Suspicious
50,99,51,95,Suspicious
28,29,31,96,Normal
81,29,20,248,Suspicious
40,10,49,193,Normal
54,18,68,263,Normal
95,43,34,460,Suspicious
57,37,31,253,Normal
72,82,56,50,Suspicious
44,99,37,151,Suspicious
81,100,37,196,Suspicious
82,92,66,573,Suspicious
36,64,94,331,Suspicious
26,59,77,227,Normal
30,82,83,573,Suspicious
49,41,48,466,Suspicious
24,53,34,53,Normal
53,99,67,301,Suspicious
19,14,34,217,Normal
86,21,58,539,Suspicious
34,18,32,212,Normal
5,88,93,487,Suspicious
62,16,96,155,Normal
85,71,29,412,Suspicious
74,60,23,131,Normal
74,29,38,67,Normal
10,80,87,148,Suspicious
75,41,61,71,Normal
92,57,59,266,Suspicious
89,67,63,202,Suspicious
81,25,29,482,Suspicious
71,16,68,591,Suspicious
86,22,24,430,Suspicious
53,54,37,543,Suspicious
62,23,37,270,Normal
92,41,51,289,Suspicious
65,96,75,531,Suspicious
12,19,60,424,Suspicious
45,10,45,445,Suspicious
75,75,61,110,Normal
80,80,36,323,Suspicious
18,37,66,105,Normal
11,31,87,571,Suspicious
18,22,81,426,Suspicious
61,17,42,247,Normal
27,63,96,372,Suspicious
59,71,75,177,Normal
47,93,43,277,Suspicious
34,20,74,268,Normal
20,32,82,569,Suspicious
7,41,40,112,Normal
82,85,96,76,Suspicious
87,77,55,488,Suspicious
15,27,22,406,Suspicious
47,32,67,250,Normal
43,45,64,247,Normal
63,71,24,131,Normal
26,39,95,449,Suspicious
76,37,94,196,Suspicious
77,96,65,210,Suspicious
4,82,98,358,Suspicious
4,49,60,246,Normal
25,76,100,360,Suspicious
30,53,62,350,Suspicious
96,39,23,549,Suspicious
89,35,63,102,Suspicious
55,53,98,400,Suspicious
75,22,89,423,Suspicious
9,39,87,401,Suspicious
7,22,50,362,Suspicious
35,59,41,522,Suspicious
58,12,70,106,Normal
75,36,73,588,Suspicious
49,28,55,191,Normal
13,98,92,334,Suspicious
17,73,24,334,Suspicious
69,65,63,421,Suspicious
38,82,23,248,Suspicious
71,62,45,395,Suspicious
71,71,70,102,Normal
84,26,34,98,Suspicious
27,45,73,560,Suspicious
82,52,27,315,Suspicious
15,72,30,363,Suspicious
69,77,29,569,Suspicious
18,81,41,298,Suspicious
70,51,76,71,Normal
99,73,36,401,Suspicious
60,91,75,205,Suspicious
43,26,47,120,Normal
6,11,40,143,Normal
31,87,36,259,Suspicious
78,91,93,59,Suspicious
69,17,52,273,Normal
36,76,100,188,Suspicious
46,42,45,56,Normal
94,26,53,306,Suspicious
6,90,50,499,Suspicious
87,86,76,177,Suspicious
79,49,83,518,Suspicious
85,64,31,102,Suspicious
18,87,93,261,Suspicious
51,23,69,222,Normal
97,66,96,434,Suspicious
88,94,41,243,Suspicious
83,82,96,156,Suspicious
12,40,62,474,Suspicious
29,25,33,327,Suspicious
100,17,27,410,Suspicious
37,19,99,484,Suspicious
90,81,88,327,Suspicious
71,30,98,487,Suspicious
34,68,27,96,Normal
65,64,72,399,Suspicious
32,95,46,386,Suspicious
69,65,48,77,Normal
30,51,67,495,Suspicious
55,46,40,129,Normal
7,10,50,338,Suspicious
15,63,90,61,Normal
76,25,40,423,Suspicious
11,28,21,293,Normal
49,26,68,343,Suspicious
38,32,33,521,Suspicious
74,28,88,547,Suspicious
80,11,52,484,Suspicious
17,69,84,132,Normal
93,40,63,332,Suspicious
37,28,42,417,Suspicious
33,64,67,540,Suspicious
36,76,64,309,Suspicious
74,64,30,328,Suspicious
88,42,22,116,Suspicious
79,72,53,345,Suspicious
14,70,97,508,Suspicious
49,88,22,91,Suspicious
80,78,56,528,Suspicious
60,45,55,246,Normal
55,67,67,254,Normal
10,11,79,355,Suspicious
16,25,43,107,Normal
25,11,85,535,Suspicious
94,41,79,164,Suspicious
29,51,41,265,Normal
96,79,73,437,Suspicious
33,11,30,364,Suspicious
75,62,62,404,Suspicious
48,87,51,421,Suspicious
14,45,84,72,Normal
3,33,64,529,Suspicious
87,72,24,207,Suspicious
100,86,66,283,Suspicious
33,71,62,178,Normal
13,24,93,106,Normal
31,43,71,428,Suspicious
23,32,29,404,Suspicious
3,96,83,334,Suspicious
72,91,87,207,Suspicious
51,17,77,521,Suspicious
79,96,26,456,Suspicious
100,88,30,517,Malware
58,59,34,567,Suspicious
92,41,67,307,Suspicious
12,70,84,575,Suspicious
42,17,67,119,Normal
28,79,94,97,Suspicious
56,34,26,414,Suspicious
35,97,29,362,Suspicious
92,69,47,557,Suspicious
100,26,88,257,Suspicious
98,30,20,518,Suspicious
85,45,48,194,Suspicious
38,52,93,254,Normal
41,99,88,386,Suspicious
90,98,91,491,Suspicious
81,79,88,524,Suspicious
45,81,66,163,Suspicious
35,83,62,402,Suspicious
7,21,91,430,Suspicious
77,59,42,399,Suspicious
76,92,56,582,Suspicious
38,12,40,505,Suspicious
31,55,28,463,Suspicious
38,98,83,433,Suspicious
58,55,78,283,Normal
82,56,82,136,Suspicious
89,34,34,443,Suspicious
30,21,74,164,Normal
62,56,54,496,Suspicious
82,15,69,364,Suspicious
35,34,40,156,Normal
59,88,73,203,Suspicious
20,45,30,102,Normal
33,79,37,418,Suspicious
99,55,95,74,Suspicious
57,47,35,293,Normal
81,87,89,190,Suspicious
31,76,23,288,Suspicious
84,71,39,477,Suspicious
48,69,20,244,Normal
27,65,94,188,Normal
35,15,60,128,Normal
54,33,42,448,Suspicious
80,24,35,551,Suspicious
14,41,21,275,Normal
48,60,20,276,Normal
32,90,42,558,Suspicious
95,41,43,202,Suspicious
30,15,27,374,Suspicious
94,51,47,363,Suspicious
32,24,44,324,Suspicious
53,44,22,592,Suspicious
26,53,87,210,Normal
10,10,81,455,Suspicious
21,10,99,274,Normal
39,83,59,427,Suspicious
61,58,81,50,Normal
98,28,78,390,Suspicious
67,38,42,237,Normal
45,35,60,94,Normal
3,73,100,117,Normal
30,67,75,251,Normal
19,55,43,578,Suspicious
25,35,27,590,Suspicious
44,56,25,315,Suspicious
99,39,56,398,Suspicious
99,45,32,339,Suspicious
38,38,24,494,Suspicious
47,14,51,484,Suspicious
59,98,68,127,Suspicious
57,53,86,584,Suspicious
78,38,92,383,Suspicious
6,49,48,457,Suspicious
88,58,92,139,Suspicious
25,98,62,332,Suspicious
50,30,76,520,Suspicious
51,63,96,309,Suspicious
24,74,42,227,Normal
88,53,44,206,Suspicious
71,61,100,125,Normal
28,21,35,303,Suspicious
29,13,52,309,Suspicious
79,39,80,210,Suspicious
96,12,85,441,Suspicious
39,17,31,340,Suspicious
36,96,32,354,Suspicious
4,41,45,139,Normal
35,31,92,251,Normal
79,85,86,577,Suspicious
62,18,100,230,Normal
51,37,77,157,Normal
54,21,33,411,Suspicious
94,65,87,398,Suspicious
83,63,29,390,Suspicious
64,39,70,541,Suspicious
97,26,78,573,Suspicious
20,82,66,209,Suspicious
82,86,90,246,Suspicious
53,19,64,357,Suspicious
65,23,48,441,Suspicious
16,36,46,320,Suspicious
40,18,60,573,Suspicious
45,48,45,51,Normal
85,20,88,350,Suspicious
50,24,80,167,Normal
54,29,45,368,Suspicious
32,86,37,525,Suspicious
54,39,54,418,Suspicious
68,28,82,459,Suspicious
1,31,43,571,Suspicious
27,43,41,100,Normal
24,40,74,537,Suspicious
72,50,98,266,Normal
89,15,85,296,Suspicious
22,83,61,258,Suspicious
97,26,27,200,Suspicious
56,92,40,304,Suspicious
42,51,76,222,Normal
67,74,30,107,Normal
7,97,92,241,Suspicious
89,53,32,139,Suspicious
59,65,97,387,Suspicious
32,47,31,533,Suspicious
54,70,52,386,Suspicious
49,49,27,577,Suspicious
15,38,67,343,Suspicious
97,99,77,85,Suspicious
58,25,48,196,Normal
73,38,78,298,Normal
32,19,23,63,Normal
41,98,39,461,Suspicious
83,51,61,522,Suspicious
60,11,47,513,Suspicious
16,45,66,503,Suspicious
55,66,73,73,Normal
46,85,89,411,Suspicious
15,43,73,562,Suspicious
100,42,54,476,Suspicious
14,56,75,292,Normal
67,99,61,554,Suspicious
66,27,58,111,Normal
54,24,39,526,Suspicious
14,30,21,132,Normal
89,47,38,192,Suspicious
4,85,33,554,Suspicious
99,58,44,220,Suspicious
37,30,21,287,Normal
65,61,31,259,Normal
25,75,24,92,Normal
36,91,84,458,Suspicious
55,82,36,548,Suspicious
39,94,70,231,Suspicious
8,70,51,237,Normal
53,20,98,532,Suspicious
28,43,48,195,Normal
3,54,63,70,Normal
60,97,80,453,Suspicious
49,68,22,143,Normal
8,34,66,122,Normal
25,90,78,191,Suspicious
26,68,91,526,Suspicious
41,89,67,536,Suspicious
55,19,96,385,Suspicious
30,38,60,180,Normal
63,55,72,403,Suspicious
63,41,33,447,Suspicious
38,73,65,524,Suspicious
49,45,47,121,Normal
46,63,27,294,Normal
45,68,64,490,Suspicious
32,42,65,266,Normal
83,29,82,193,Suspicious
21,96,26,98,Suspicious
1,86,35,503,Suspicious
21,23,84,382,Suspicious
37,79,87,162,Suspicious
6,75,36,560,Suspicious
25,41,30,507,Suspicious
57,72,85,254,Normal
15,18,32,170,Normal
93,82,30,585,Suspicious
10,72,81,584,Suspicious
46,39,73,456,Suspicious
7,96,93,447,Suspicious
79,36,55,389,Suspicious
16,89,51,141,Suspicious
9,88,24,271,Suspicious
75,62,90,324,Suspicious
45,98,42,459,Suspicious
75,58,33,587,Suspicious
70,93,26,331,Suspicious
42,63,36,468,Suspicious
77,37,75,403,Suspicious
59,41,82,516,Suspicious
93,32,37,518,Suspicious
40,84,42,356,Suspicious
37,72,95,249,Normal
15,25,58,546,Suspicious
92,90,53,565,Malware
82,67,27,112,Suspicious
88,88,71,88,Suspicious
24,74,44,185,Normal
83,52,51,414,Suspicious
100,65,62,227,Suspicious
45,83,64,398,Suspicious
10,36,77,345,Suspicious
34,82,73,168,Suspicious
72,22,28,175,Normal
93,52,91,298,Suspicious
18,38,79,309,Suspicious
55,18,20,325,Suspicious
50,99,60,61,Suspicious
93,20,74,98,Suspicious
55,66,59,173,Normal
60,62,96,507,Suspicious
45,42,98,88,Normal
76,62,23,379,Suspicious
12,32,71,505,Suspicious
10,52,44,324,Suspicious
82,61,50,445,Suspicious
64,42,61,291,Normal
43,82,93,129,Suspicious
23,87,94,306,Suspicious
99,81,65,62,Suspicious
49,43,38,117,Normal
59,17,38,443,Suspicious
69,90,24,378,Suspicious
25,99,52,311,Suspicious
55,49,70,434,Suspicious
26,84,28,232,Suspicious
16,39,65,430,Suspicious
54,34,83,253,Normal
95,71,48,82,Suspicious
8,46,85,354,Suspicious
40,100,87,73,Suspicious
84,94,34,476,Suspicious
54,100,61,249,Suspicious
26,31,100,355,Suspicious
46,32,37,303,Suspicious
17,56,78,404,Suspicious
88,100,89,140,Suspicious
47,53,39,511,Suspicious
84,68,45,548,Suspicious
26,100,97,462,Suspicious
72,86,91,143,Suspicious
44,90,73,109,Suspicious
63,90,99,447,Suspicious
22,61,73,77,Normal
28,44,55,146,Normal
26,93,87,448,Suspicious
14,58,75,305,Suspicious
35,25,45,370,Suspicious
86,51,47,188,Suspicious
95,68,75,549,Suspicious
66,62,99,338,Suspicious
100,68,97,213,Suspicious
10,27,93,295,Normal
29,54,65,88,Normal
54,44,44,572,Suspicious
69,36,82,428,Suspicious
10,72,94,333,Suspicious
15,70,99,506,Suspicious
48,77,30,203,Suspicious
86,74,67,410,Suspicious
24,88,73,278,Suspicious
90,38,22,178,Suspicious
30,77,57,163,Suspicious
99,69,58,456,Suspicious
20,26,30,399,Suspicious
53,65,53,557,Suspicious
38,74,61,525,Suspicious
4,23,28,440,Suspicious
18,78,34,485,Suspicious
23,92,100,587,Suspicious
60,34,73,511,Suspicious
41,42,76,553,Suspicious
99,93,69,588,Malware
34,72,79,104,Normal
23,23,93,474,Suspicious
10,24,80,251,Normal
5,77,38,94,Suspicious
26,60,35,151,Normal
50,50,44,344,Suspicious
56,78,56,100,Suspicious
63,45,69,566,Suspicious
86,70,75,466,Suspicious
48,87,43,237,Suspicious
43,96,97,142,Suspicious
70,93,85,504,Suspicious
66,67,48,104,Normal
94,49,22,58,Suspicious
38,59,85,238,Normal
56,58,87,94,Normal
40,23,66,167,Normal
85,38,97,129,Suspicious
11,31,87,178,Normal
50,44,98,313,Suspicious
23,71,100,312,Suspicious
37,50,63,125,Normal
86,82,66,273,Suspicious
31,21,80,62,Normal
79,45,50,251,Suspicious
63,48,73,71,Normal
96,70,38,437,Suspicious
22,93,23,210,Suspicious
33,82,22,557,Suspicious
48,79,84,519,Suspicious
40,91,71,64,Suspicious
39,18,86,155,Normal
28,41,50,249,Normal
1,70,98,404,Suspicious
61,82,92,511,Suspicious
25,60,60,209,Normal
54,34,23,374,Suspicious
16,18,67,137,Normal
63,60,97,233,Normal
79,61,86,490,Suspicious
73,26,90,466,Suspicious
97,87,95,322,Suspicious
100,94,20,323,Suspicious
17,80,46,291,Suspicious
39,57,20,367,Suspicious
45,32,29,473,Suspicious
60,20,53,178,Normal
44,23,25,111,Normal
13,99,35,410,Suspicious
10,23,33,296,Normal
100,12,47,118,Suspicious
20,16,46,582,Suspicious
82,100,51,435,Suspicious
50,87,61,497,Suspicious
23,44,36,145,Normal
51,63,34,145,Normal
49,81,33,215,Suspicious
17,52,48,74,Normal
82,20,93,329,Suspicious
88,80,60,152,Suspicious
50,89,31,396,Suspicious
91,42,90,543,Suspicious
49,78,86,78,Suspicious
58,76,21,385,Suspicious
94,59,72,365,Suspicious
35,83,74,148,Suspicious
30,16,87,484,Suspicious
6,66,82,198,Normal
67,43,60,109,Normal
40,42,37,465,Suspicious
46,26,95,397,Suspicious
19,37,77,556,Suspicious
84,78,45,91,Suspicious
23,58,72,415,Suspicious
16,22,97,206,Normal
100,62,20,507,Suspicious
70,70,60,539,Suspicious
57,100,75,238,Suspicious
18,80,48,206,Suspicious
85,19,34,243,Suspicious
90,23,98,244,Suspicious
42,88,46,230,Suspicious
13,40,49,281,Normal
40,16,37,596,Suspicious
61,25,62,472,Suspicious
65,44,99,279,Normal
87,33,28,260,Suspicious
72,60,85,373,Suspicious
20,16,44,562,Suspicious
21,100,56,418,Suspicious
35,13,24,226,Normal
64,56,52,364,Suspicious
23,50,58,115,Normal
49,13,88,365,Suspicious
87,53,70,348,Suspicious
91,19,42,128,Suspicious
4,21,20,474,Suspicious
87,59,85,486,Suspicious
77,65,86,547,Suspicious
39,92,71,226,Suspicious
62,95,41,271,Suspicious
74,37,48,310,Suspicious
50,22,61,510,Suspicious
6,46,84,248,Normal
87,60,73,364,Suspicious
38,39,96,595,Suspicious
93,45,26,207,Suspicious
86,60,32,238,Suspicious
21,33,100,451,Suspicious
73,81,90,335,Suspicious
81,73,72,270,Suspicious
60,68,24,190,Normal
64,83,56,524,Suspicious
60,23,74,190,Normal
66,39,85,586,Suspicious
26,78,56,321,Suspicious
36,68,51,485,Suspicious
82,35,79,371,Suspicious
38,75,26,138,Normal
78,78,72,180,Suspicious
2,63,99,411,Suspicious
96,62,85,274,Suspicious
84,91,68,391,Suspicious
80,51,87,257,Suspicious
43,88,87,412,Suspicious
76,64,94,54,Suspicious
17,93,63,415,Suspicious
28,31,39,98,Normal
15,29,100,588,Suspicious
57,86,99,281,Suspicious
13,77,81,523,Suspicious
91,41,95,359,Suspicious
65,77,29,434,Suspicious
24,33,70,454,Suspicious
88,17,41,387,Suspicious
20,10,44,235,Normal
67,34,24,420,Suspicious
84,38,23,591,Suspicious
22,47,83,191,Normal
5,43,75,259,Normal
40,52,75,198,Normal
96,21,33,325,Suspicious
76,96,100,533,Suspicious
73,65,55,87,Normal
23,85,92,195,Suspicious
38,59,82,312,Suspicious
20,84,55,131,Suspicious
17,31,50,571,Suspicious
83,58,60,137,Suspicious
17,100,45,88,Suspicious
26,65,65,425,Suspicious
36,55,35,243,Normal
20,97,99,477,Suspicious
59,26,60,457,Suspicious
90,85,32,281,Suspicious
4,28,60,138,Normal
92,49,68,396,Suspicious
95,57,72,412,Suspicious
64,67,88,63,Normal
16,89,60,60,Suspicious
81,37,23,309,Suspicious
93,72,83,329,Suspicious
32,37,80,113,Normal
29,34,37,406,Suspicious
20,87,74,536,Suspicious
87,32,76,454,Suspicious
75,13,24,213,Normal
88,71,39,196,Suspicious
36,81,70,194,Suspicious
56,44,65,182,Normal
72,11,37,51,Normal
42,62,44,557,Suspicious
9,16,91,289,Normal
38,13,82,215,Normal
3,65,88,563,Suspicious
20,31,41,181,Normal
85,64,60,538,Suspicious
47,11,87,126,Normal
78,70,60,226,Suspicious
21,83,24,427,Suspicious
24,48,39,551,Suspicious
32,10,34,150,Normal
24,21,22,282,Normal
58,55,84,179,Normal
82,97,76,313,Suspicious
15,76,89,599,Suspicious
98,38,87,195,Suspicious
8,89,100,427,Suspicious
12,62,33,195,Normal
8,54,34,362,Suspicious
99,13,22,587,Suspicious
68,32,77,550,Suspicious
7,93,34,447,Suspicious
81,39,93,573,Suspicious
1,92,78,248,Suspicious
65,14,70,281,Normal
57,45,55,549,Suspicious
74,74,80,118,Normal
84,84,100,521,Suspicious
79,43,98,586,Suspicious
83,68,81,234,Suspicious
44,53,28,381,Suspicious
32,28,90,414,Suspicious
98,80,81,122,Suspicious
36,38,61,293,Normal
6,59,39,344,Suspicious
100,82,55,270,Suspicious
100,77,29,446,Suspicious
4,71,27,342,Suspicious
74,29,68,120,Normal
82,89,46,320,Suspicious
28,70,95,137,Normal
33,73,78,593,Suspicious
56,97,81,568,Suspicious
40,12,51,378,Suspicious
9,64,23,237,Normal
41,14,29,507,Suspicious
63,97,74,71,Suspicious
87,83,92,262,Suspicious
91,88,68,86,Suspicious
97,10,25,78,Suspicious
24,43,38,299,Normal
45,64,77,327,Suspicious
54,21,79,179,Normal
79,78,24,412,Suspicious
71,25,39,67,Normal
50,58,62,532,Suspicious
36,99,44,77,Suspicious
51,84,100,567,Suspicious
18,44,32,267,Normal
94,61,37,517,Suspicious
60,89,87,553,Suspicious
2,92,90,61,Suspicious
13,36,58,410,Suspicious
11,63,74,574,Suspicious
57,22,24,599,Suspicious
19,90,92,105,Suspicious
12,78,29,195,Suspicious
93,31,50,163,Suspicious
91,82,96,437,Suspicious
84,43,29,174,Suspicious
44,25,72,172,Normal
5,52,26,422,Suspicious
63,39,45,206,Normal
94,35,63,259,Suspicious
73,65,76,578,Suspicious
26,67,92,64,Normal
22,93,57,267,Suspicious
76,87,67,447,Suspicious
27,83,41,393,Suspicious
66,91,98,579,Suspicious
77,10,57,394,Suspicious
12,22,56,467,Suspicious
44,36,96,89,Normal
77,33,42,243,Suspicious
99,71,55,396,Suspicious
69,49,22,108,Normal
16,11,80,105,Normal
46,42,86,478,Suspicious
12,18,65,256,Normal
70,86,43,53,Suspicious
100,68,63,396,Suspicious
27,28,72,530,Suspicious
72,97,39,338,Suspicious
93,60,93,304,Suspicious
4,77,51,588,Suspicious
25,65,84,502,Suspicious
84,24,100,333,Suspicious
2,15,27,478,Suspicious
68,18,83,424,Suspicious
18,60,72,533,Suspicious
44,95,20,286,Suspicious
2,20,99,548,Suspicious
38,90,77,412,Suspicious
74,80,57,78,Suspicious
40,75,32,577,Suspicious
39,35,53,70,Normal
96,31,23,438,Suspicious
13,29,78,530,Suspicious
15,96,56,293,Suspicious
71,93,21,193,Suspicious
69,15,52,586,Suspicious
89,19,48,292,Suspicious
93,50,51,66,Suspicious
1,88,47,53,Suspicious
67,38,59,184,Normal
86,57,56,157,Suspicious
14,34,84,435,Suspicious
25,93,76,289,Suspicious
40,17,26,196,Normal
69,36,49,296,Normal
74,24,98,483,Suspicious
50,11,38,250,Normal
77,42,57,198,Suspicious
22,17,37,151,Normal
57,84,79,521,Suspicious
82,23,34,220,Suspicious
18,14,59,419,Suspicious
57,57,41,533,Suspicious
32,28,49,377,Suspicious
15,11,80,104,Normal
72,17,29,392,Suspicious
69,23,82,98,Normal
1,64,69,598,Suspicious
49,98,31,320,Suspicious
17,41,89,352,Suspicious
93,51,82,287,Suspicious
22,12,76,370,Suspicious
7,69,40,443,Suspicious
50,48,41,95,Normal
56,70,69,586,Suspicious
10,49,88,71,Normal
69,40,49,96,Normal
31,86,38,452,Suspicious
21,40,60,75,Normal
90,42,84,148,Suspicious
16,18,93,114,Normal
6,10,74,361,Suspicious
43,93,59,498,Suspicious
10,86,31,496,Suspicious
98,80,77,536,Suspicious
36,43,48,164,Normal
52,77,76,563,Suspicious
59,46,100,596,Suspicious
89,46,57,366,Suspicious
59,60,52,127,Normal
81,68,37,180,Suspicious
39,50,44,98,Normal
97,14,53,435,Suspicious
38,20,51,183,Normal
94,46,22,235,Suspicious
75,61,70,589,Suspicious
33,83,89,315,Suspicious
57,31,55,326,Suspicious
78,83,35,383,Suspicious
8,61,74,158,Normal
69,82,92,568,Suspicious
75,59,94,599,Suspicious
19,68,84,133,Normal
85,59,71,403,Suspicious
75,91,65,541,Suspicious
42,90,38,327,Suspicious
62,60,62,330,Suspicious
98,15,39,154,Suspicious
76,31,72,56,Suspicious
74,74,79,427,Suspicious
12,29,24,369,Suspicious
65,48,97,229,Normal
59,40,98,349,Suspicious
97,73,79,465,Suspicious
63,54,29,338,Suspicious
44,96,89,243,Suspicious
38,90,46,273,Suspicious
63,70,27,397,Suspicious
84,70,32,243,Suspicious
4,71,58,241,Normal
3,93,100,561,Suspicious
95,73,66,160,Suspicious
25,53,86,277,Normal
93,49,65,293,Suspicious
51,60,86,275,Normal
8,40,79,390,Suspicious
92,76,21,321,Suspicious
57,17,70,84,Normal
28,24,51,300,Normal
5,90,97,269,Suspicious
72,56,58,253,Normal
69,66,95,473,Suspicious
62,59,96,413,Suspicious
10,90,63,428,Suspicious
39,93,92,447,Suspicious
52,86,92,495,Suspicious
96,50,52,447,Suspicious
64,86,56,372,Suspicious
69,20,82,270,Normal
23,94,84,121,Suspicious
87,54,30,231,Suspicious
48,36,41,117,Normal
98,53,100,293,Suspicious
78,79,62,85,Suspicious
16,92,51,505,Suspicious
27,16,51,600,Suspicious
25,34,49,410,Suspicious
68,19,87,543,Suspicious
95,63,28,257,Suspicious
55,11,60,351,Suspicious
97,16,30,366,Suspicious
22,25,58,207,Normal
54,71,45,281,Normal
97,68,53,349,Suspicious
94,30,98,440,Suspicious
88,71,23,332,Suspicious
6,12,40,77,Normal
20,63,55,92,Normal
69,22,83,75,Normal
21,86,64,460,Suspicious
68,29,50,448,Suspicious
21,29,49,218,Normal
18,83,53,133,Suspicious
30,32,31,596,Suspicious
58,55,30,216,Normal
36,56,51,154,Normal
95,93,82,575,Malware
3,42,52,266,Normal
84,49,94,116,Suspicious
40,19,55,170,Normal
94,31,24,207,Suspicious
11,97,100,510,Suspicious
77,18,90,395,Suspicious
10,23,96,373,Suspicious
81,39,100,308,Suspicious
48,59,45,560,Suspicious
56,25,68,394,Suspicious
93,73,84,333,Suspicious
64,73,58,368,Suspicious
25,14,62,326,Suspicious
33,33,24,337,Suspicious
32,39,89,542,Suspicious
36,91,43,57,Suspicious
89,85,61,441,Suspicious
94,43,90,186,Suspicious
73,59,77,540,Suspicious
23,18,33,385,Suspicious
79,40,79,143,Suspicious
17,54,74,164,Normal
79,45,44,385,Suspicious
78,88,86,255,Suspicious
2,78,82,167,Suspicious
25,93,21,579,Suspicious
79,82,28,356,Suspicious
49,29,86,493,Suspicious
68,44,76,138,Normal
29,17,66,495,Suspicious
45,64,52,464,Suspicious
11,98,92,449,Suspicious
25,38,94,542,Suspicious
84,22,84,181,Suspicious
4,61,84,79,Normal
33,91,27,90,Suspicious
61,21,61,69,Normal
77,74,77,63,Suspicious
37,16,86,411,Suspicious
4,40,37,195,Normal
92,99,30,346,Suspicious
47,34,71,579,Suspicious
85,99,28,284,Suspicious
5,45,68,170,Normal
20,30,53,358,Suspicious
64,15,57,120,Normal
26,41,82,153,Normal
100,33,73,465,Suspicious
57,43,69,122,Normal
65,98,68,133,Suspicious
62,40,87,79,Normal
46,57,42,92,Normal
20,73,73,186,Normal
52,59,49,567,Suspicious
35,47,59,546,Suspicious
13,79,37,429,Suspicious
41,51,21,357,Suspicious
76,14,96,148,Suspicious
70,79,98,471,Suspicious
35,44,87,503,Suspicious
83,10,43,255,Suspicious
97,49,47,64,Suspicious
39,47,41,101,Normal
64,33,26,309,Suspicious
83,91,48,547,Suspicious
1,77,59,111,Suspicious
71,38,29,437,Suspicious
85,92,70,246,Suspicious
100,25,22,264,Suspicious
70,45,77,514,Suspicious
83,54,79,280,Suspicious
14,99,20,81,Suspicious
76,53,65,99,Suspicious
1,36,80,289,Normal
9,21,76,496,Suspicious
52,54,33,113,Normal
75,15,66,401,Suspicious
55,46,41,188,Normal
61,74,55,165,Normal
90,35,55,525,Suspicious
3,93,32,317,Suspicious
75,40,58,163,Normal
95,90,76,303,Suspicious
25,30,36,139,Normal
47,81,30,487,Suspicious
90,61,100,424,Suspicious
91,44,56,419,Suspicious
37,56,28,162,Normal
18,20,28,168,Normal
29,38,99,457,Suspicious
100,52,93,342,Suspicious
86,31,45,296,Suspicious
57,24,99,562,Suspicious
70,48,100,100,Normal
50,14,27,267,Normal
84,97,66,110,Suspicious
58,54,66,371,Suspicious
20,21,54,519,Suspicious
21,92,63,135,Suspicious
65,61,31,105,Normal
62,93,52,509,Suspicious
25,13,60,431,Suspicious
23,34,93,359,Suspicious
92,57,56,443,Suspicious
77,27,61,405,Suspicious
28,23,77,317,Suspicious
66,15,99,179,Normal
16,19,48,317,Suspicious
5,89,48,362,Suspicious
53,49,89,352,Suspicious
82,17,86,513,Suspicious
98,81,37,403,Suspicious
41,34,87,489,Suspicious
84,42,76,228,Suspicious
95,93,48,142,Suspicious
33,43,77,421,Suspicious
92,52,45,248,Suspicious
42,25,33,484,Suspicious
33,65,31,288,Normal
63,88,92,452,Suspicious
44,61,91,287,Normal
44,63,85,513,Suspicious
55,24,77,249,Normal
94,15,25,111,Suspicious
98,82,93,466,Suspicious
88,56,96,247,Suspicious
14,61,46,208,Normal
69,44,57,347,Suspicious
38,95,21,466,Suspicious
2,61,89,75,Normal
4,12,63,153,Normal
31,71,25,394,Suspicious
78,95,54,560,Suspicious
79,84,29,206,Suspicious
11,16,36,455,Suspicious
99,24,95,406,Suspicious
77,55,59,371,Suspicious
90,39,90,263,Suspicious
91,86,20,529,Malware
98,59,62,88,Suspicious
46,35,23,483,Suspicious
76,15,61,540,Suspicious
37,68,67,165,Normal
86,81,41,237,Suspicious
73,97,72,244,Suspicious
30,65,25,581,Suspicious
55,37,99,82,Normal
78,22,33,359,Suspicious
69,51,35,513,Suspicious
33,69,45,95,Normal
50,10,83,186,Normal
58,60,30,544,Suspicious
32,87,89,206,Suspicious
92,80,36,148,Suspicious
87,33,31,288,Suspicious
80,23,60,488,Suspicious
18,93,81,558,Suspicious
56,85,42,500,Suspicious
74,40,77,150,Normal
59,16,79,271,Normal
25,36,90,557,Suspicious
54,71,28,340,Suspicious
80,71,71,413,Suspicious
20,85,43,182,Suspicious
54,83,90,364,Suspicious
79,86,59,253,Suspicious
40,94,30,401,Suspicious
78,67,49,229,Suspicious
95,97,80,261,Suspicious
41,35,58,182,Normal
62,68,50,75,Normal
90,15,97,237,Suspicious
68,98,26,207,Suspicious
34,37,34,163,Normal
9,89,80,441,Suspicious
18,49,58,278,Normal
13,96,76,564,Suspicious
28,67,71,228,Normal
94,16,20,351,Suspicious
7,23,84,488,Suspicious
33,48,52,225,Normal
6,13,77,559,Suspicious
43,16,72,80,Normal
60,54,26,552,Suspicious
50,79,42,206,Suspicious
5,99,61,375,Suspicious
30,78,39,108,Suspicious
66,85,100,503,Suspicious
42,19,74,187,Normal
15,54,74,123,Normal
72,89,27,243,Suspicious
23,75,46,88,Normal
23,27,95,443,Suspicious
63,42,45,372,Suspicious
9,53,20,349,Suspicious
4,31,60,280,Normal
40,52,69,439,Suspicious
66,72,49,292,Normal
46,25,31,330,Suspicious
45,22,64,571,Suspicious
47,80,75,552,Suspicious
72,22,57,414,Suspicious
10,39,70,177,Normal
87,57,50,341,Suspicious
7,33,81,394,Suspicious
96,17,43,395,Suspicious
8,82,77,448,Suspicious
8,52,77,452,Suspicious
41,19,80,201,Normal
68,70,45,234,Normal
51,21,67,161,Normal
94,33,79,402,Suspicious
98,61,93,414,Suspicious
70,77,46,490,Suspicious
99,24,46,280,Suspicious
38,65,92,261,Normal
28,68,59,339,Suspicious
92,96,95,73,Suspicious
91,55,48,540,Suspicious
66,16,78,203,Normal
23,94,87,489,Suspicious
48,41,27,545,Suspicious
3,24,51,519,Suspicious
29,13,79,301,Suspicious
88,52,57,87,Suspicious
28,34,45,533,Suspicious
6,65,38,104,Normal
76,77,53,322,Suspicious
26,49,43,195,Normal
41,82,43,254,Suspicious
16,31,97,353,Suspicious
19,32,44,102,Normal
71,17,77,328,Suspicious
36,32,68,571,Suspicious
85,21,60,209,Suspicious
93,74,50,120,Suspicious
58,88,88,278,Suspicious
84,50,35,136,Suspicious
3,25,78,371,Suspicious
96,66,86,176,Suspicious
6,100,80,471,Suspicious
71,23,95,458,Suspicious
43,41,34,589,Suspicious
50,64,33,230,Normal
73,10,90,274,Normal
55,32,87,487,Suspicious
8,12,73,116,Normal
5,21,78,598,Suspicious
14,100,27,510,Suspicious
63,67,54,565,Suspicious
98,19,77,225,Suspicious
75,58,89,520,Suspicious
30,58,73,59,Normal
90,41,49,510,Suspicious
54,36,89,85,Normal
42,86,84,287,Suspicious
51,66,95,414,Suspicious
54,64,61,488,Suspicious
79,79,27,197,Suspicious
80,59,88,509,Suspicious
75,19,91,575,Suspicious
56,80,58,223,Suspicious
44,52,52,134,Normal
68,48,56,385,Suspicious
66,97,93,144,Suspicious
84,16,43,293,Suspicious
7,90,22,436,Suspicious
25,89,81,275,Suspicious
80,84,97,184,Suspicious
65,27,40,510,Suspicious
69,19,33,141,Normal
61,89,64,109,Suspicious
43,21,85,557,Suspicious
18,20,65,567,Suspicious
47,98,34,154,Suspicious
26,26,75,555,Suspicious
80,86,61,541,Suspicious
28,18,87,489,Suspicious
32,57,92,69,Normal
20,28,28,272,Normal
8,22,100,268,Normal
20,80,65,203,Suspicious
89,60,89,220,Suspicious
8,83,23,498,Suspicious
58,56,44,540,Suspicious
83,56,92,409,Suspicious
6,79,40,95,Suspicious
76,93,81,590,Suspicious
63,52,22,342,Suspicious
21,22,99,179,Normal
93,54,97,306,Suspicious
44,23,40,496,Suspicious
67,56,79,225,Normal
82,83,50,111,Suspicious
65,95,29,121,Suspicious
51,80,84,235,Suspicious
48,54,88,378,Suspicious
1,44,98,60,Normal
89,75,20,114,Suspicious
4,13,98,480,Suspicious
41,74,59,380,Suspicious
73,43,28,415,Suspicious
95,37,23,134,Suspicious
10,27,91,326,Suspicious
66,100,83,289,Suspicious
86,40,37,572,Suspicious
82,17,86,107,Suspicious
20,55,47,570,Suspicious
38,74,93,157,Normal
3,92,99,156,Suspicious
95,42,74,181,Suspicious
85,24,70,96,Suspicious
31,75,42,488,Suspicious
27,19,49,435,Suspicious
80,32,47,60,Suspicious
47,73,81,474,Suspicious
14,19,73,403,Suspicious
4,97,46,491,Suspicious
59,41,25,564,Suspicious
96,89,45,330,Suspicious
25,47,52,419,Suspicious
1,17,50,60,Normal
46,40,37,89,Normal
33,50,92,538,Suspicious
13,95,86,75,Suspicious
14,78,21,73,Suspicious
30,47,92,445,Suspicious
25,30,76,415,Suspicious
65,17,52,486,Suspicious
66,94,93,337,Suspicious
41,60,94,288,Normal
87,67,83,110,Suspicious
61,55,37,350,Suspicious
27,63,72,226,Normal
34,94,20,422,Suspicious
15,13,90,532,Suspicious
60,44,29,300,Normal
84,87,25,384,Suspicious
37,30,63,109,Normal
10,71,78,134,Normal
80,59,33,594,Suspicious
59,30,50,162,Normal
92,98,47,486,Malware
61,47,95,541,Suspicious
83,59,95,433,Suspicious
26,32,78,457,Suspicious
27,28,20,399,Suspicious
39,36,81,290,Normal
25,100,91,107,Suspicious
7,15,33,401,Suspicious
98,54,100,179,Suspicious
34,76,85,348,Suspicious
60,49,61,370,Suspicious
59,44,34,380,Suspicious
95,13,28,417,Suspicious
36,36,36,444,Suspicious
64,66,64,548,Suspicious
47,74,36,534,Suspicious
96,11,87,347,Suspicious
66,52,100,579,Suspicious
49,35,23,219,Normal
26,21,64,115,Normal
2,20,46,450,Suspicious
66,43,45,134,Normal
63,59,55,273,Normal
79,61,89,399,Suspicious
49,81,88,224,Suspicious
95,44,86,195,Suspicious
76,48,39,481,Suspicious
23,24,80,596,Suspicious
92,90,50,163,Suspicious
30,32,97,105,Normal
54,31,52,90,Normal
82,42,62,505,Suspicious
76,17,31,398,Suspicious
23,68,91,517,Suspicious
2,81,88,264,Suspicious
67,97,22,536,Suspicious
8,30,38,561,Suspicious
41,76,32,209,Suspicious
59,75,63,329,Suspicious
84,93,29,233,Suspicious
16,89,68,588,Suspicious
96,21,20,572,Suspicious
87,32,42,451,Suspicious
53,68,27,60,Normal
37,22,53,158,Normal
17,51,87,406,Suspicious
46,50,51,536,Suspicious
9,50,45,312,Suspicious
5,92,84,159,Suspicious
65,26,32,587,Suspicious
41,64,38,60,Normal
32,76,28,560,Suspicious
74,63,75,277,Normal
28,64,43,336,Suspicious
94,59,53,536,Suspicious
88,83,49,398,Suspicious
43,81,100,377,Suspicious
99,24,62,255,Suspicious
44,95,64,385,Suspicious
22,62,89,385,Suspicious
38,85,31,544,Suspicious
76,30,92,52,Suspicious
53,37,80,154,Normal
37,62,35,370,Suspicious
13,98,81,451,Suspicious
91,78,56,491,Suspicious
7,76,96,424,Suspicious
79,71,49,345,Suspicious
61,58,21,163,Normal
27,91,92,396,Suspicious
12,57,45,347,Suspicious
80,73,49,345,Suspicious
77,51,100,145,Suspicious
81,56,93,93,Suspicious
93,98,84,533,Malware
84,42,91,351,Suspicious
35,94,48,56,Suspicious
87,28,48,475,Suspicious
86,77,61,156,Suspicious
13,84,23,455,Suspicious
64,63,28,50,Normal
67,27,99,106,Normal
61,64,37,198,Normal
75,78,86,445,Suspicious
35,75,59,422,Suspicious
2,78,47,509,Suspicious
79,68,84,98,Suspicious
11,81,48,219,Suspicious
37,90,29,476,Suspicious
81,29,51,403,Suspicious
62,24,74,159,Normal
66,28,79,354,Suspicious
50,43,96,523,Suspicious
38,98,28,84,Suspicious
2,41,61,108,Normal
47,79,74,501,Suspicious
52,98,68,379,Suspicious
12,63,41,439,Suspicious
12,76,93,210,Suspicious
6,83,63,324,Suspicious
4,59,52,152,Normal
29,69,75,492,Suspicious
23,13,59,344,Suspicious
61,14,82,252,Normal
11,36,23,568,Suspicious
82,58,49,80,Suspicious
68,98,71,51,Suspicious
49,19,40,583,Suspicious
41,23,24,306,Suspicious
76,13,26,502,Suspicious
26,26,39,557,Suspicious
13,48,100,155,Normal
93,11,64,255,Suspicious
30,57,79,418,Suspicious
91,29,36,561,Suspicious
78,15,22,451,Suspicious
89,36,82,463,Suspicious
23,41,46,533,Suspicious
79,48,54,368,Suspicious
39,56,78,511,Suspicious
34,84,88,181,Suspicious
68,45,89,465,Suspicious
5,48,30,193,Normal
36,86,49,416,Suspicious
39,84,41,494,Suspicious
97,92,46,221,Suspicious
82,51,54,100,Suspicious
6,28,29,434,Suspicious
26,43,49,533,Suspicious
90,38,49,131,Suspicious
62,33,49,332,Suspicious
86,79,77,541,Suspicious
61,57,58,411,Suspicious
77,66,27,299,Suspicious
45,100,84,127,Suspicious
43,28,89,66,Normal
78,18,54,201,Suspicious
43,92,33,408,Suspicious
55,28,67,592,Suspicious
64,40,75,172,Normal
76,64,61,122,Suspicious
83,78,94,430,Suspicious
57,14,36,364,Suspicious
53,78,63,164,Suspicious
26,86,92,324,Suspicious
5,63,39,86,Normal
22,38,42,294,Normal
36,48,54,167,Normal
60,29,32,85,Normal
45,39,49,348,Suspicious
46,46,94,429,Suspicious
60,80,67,310,Suspicious
78,45,96,207,Suspicious
25,58,60,600,Suspicious
31,22,79,449,Suspicious
24,21,63,214,Normal
43,30,40,334,Suspicious
40,89,49,332,Suspicious
48,41,97,595,Suspicious
16,66,77,126,Normal
1,20,96,398,Suspicious
16,69,25,339,Suspicious
64,25,78,554,Suspicious
27,38,81,583,Suspicious
82,62,30,588,Suspicious
81,10,93,376,Suspicious
98,58,37,188,Suspicious
90,42,96,371,Suspicious
6,84,32,310,Suspicious
92,89,63,89,Suspicious
76,90,24,243,Suspicious
35,92,75,86,Suspicious
56,55,28,272,Normal
17,83,99,431,Suspicious
50,43,56,424,Suspicious
79,86,55,273,Suspicious
54,81,23,142,Suspicious
6,70,98,194,Normal
16,18,94,203,Normal
49,74,94,80,Normal
37,31,96,186,Normal
86,84,30,516,Suspicious
25,67,41,112,Normal
67,77,55,431,Suspicious
65,12,41,453,Suspicious
11,100,71,81,Suspicious
98,12,21,278,Suspicious
29,67,73,196,Normal
77,56,37,400,Suspicious
3,10,34,347,Suspicious
65,67,49,583,Suspicious
94,82,68,237,Suspicious
6,19,85,110,Normal
23,76,84,407,Suspicious
73,29,48,393,Suspicious
83,11,99,211,Suspicious
1,51,47,525,Suspicious
44,44,97,74,Normal
38,88,100,220,Suspicious
22,97,90,533,Suspicious
24,91,68,313,Suspicious
23,13,99,369,Suspicious
86,76,36,168,Suspicious
55,75,88,281,Normal
75,82,63,570,Suspicious
62,36,29,142,Normal
30,67,92,548,Suspicious
23,38,60,261,Normal
42,32,51,511,Suspicious
28,33,94,430,Suspicious
79,74,93,423,Suspicious
42,27,62,487,Suspicious
71,46,39,356,Suspicious
40,87,25,56,Suspicious
60,74,53,429,Suspicious
41,12,34,312,Suspicious
49,42,95,172,Normal
87,21,35,58,Suspicious
32,47,63,463,Suspicious
36,71,52,361,Suspicious
45,17,57,232,Normal
89,47,97,140,Suspicious
18,40,61,138,Normal
13,92,44,489,Suspicious
2,98,23,269,Suspicious
22,24,80,548,Suspicious
56,49,89,522,Suspicious
68,53,26,534,Suspicious
62,52,76,276,Normal
66,92,75,73,Suspicious
79,47,55,489,Suspicious
12,10,25,491,Suspicious
29,98,50,50,Suspicious
9,26,21,341,Suspicious
76,61,75,60,Suspicious
23,44,82,267,Normal
98,97,75,507,Malware
47,11,66,209,Normal
51,98,61,94,Suspicious
78,100,71,69,Suspicious
92,36,27,196,Suspicious
23,71,36,372,Suspicious
97,66,60,174,Suspicious
56,17,64,475,Suspicious
9,100,47,190,Suspicious
94,74,94,442,Suspicious
5,94,74,549,Suspicious
80,13,83,70,Suspicious
100,23,74,508,Suspicious
25,79,41,364,Suspicious
66,41,36,235,Normal
3,86,96,423,Suspicious
69,48,56,452,Suspicious
79,92,70,154,Suspicious
41,75,23,296,Normal
87,11,80,267,Suspicious
89,79,76,84,Suspicious
61,28,98,183,Normal
77,22,38,590,Suspicious
33,99,60,97,Suspicious
3,30,93,267,Normal
98,92,72,284,Suspicious
98,61,80,544,Suspicious
36,59,47,198,Normal
80,92,40,90,Suspicious
9,13,58,157,Normal
10,79,83,407,Suspicious
33,80,88,539,Suspicious
26,17,27,104,Normal
64,60,51,301,Suspicious
1,73,95,94,Normal
92,47,21,119,Suspicious
18,15,41,262,Normal
91,54,36,219,Suspicious
10,49,49,142,Normal
62,83,91,577,Suspicious
34,67,32,470,Suspicious
50,46,59,161,Normal
65,97,95,564,Suspicious
52,57,86,288,Normal
73,53,96,354,Suspicious
88,52,26,225,Suspicious
97,30,97,114,Suspicious
65,99,52,126,Suspicious
55,37,67,274,Normal
82,54,97,183,Suspicious
15,62,95,200,Normal
22,42,44,590,Suspicious
1,42,98,553,Suspicious
81,71,88,314,Suspicious
51,70,74,592,Suspicious
87,92,69,572,Suspicious
61,83,88,138,Suspicious
89,13,80,468,Suspicious
3,26,92,112,Normal
67,77,32,283,Suspicious
73,38,27,258,Normal
3,61,80,315,Suspicious
45,78,68,571,Suspicious
4,60,87,59,Normal
90,11,46,71,Suspicious
69,89,84,530,Suspicious
13,38,93,258,Normal
43,95,56,499,Suspicious
1,25,68,572,Suspicious
76,79,89,259,Suspicious
13,92,21,494,Suspicious
59,16,24,78,Normal
60,21,45,557,Suspicious
46,28,66,101,Normal
8,71,70,157,Normal
59,16,33,518,Suspicious
16,76,30,402,Suspicious
70,98,65,367,Suspicious
18,41,67,423,Suspicious
72,72,91,163,Normal
38,87,40,310,Suspicious
68,62,37,572,Suspicious
14,60,48,455,Suspicious
32,85,29,562,Suspicious
4,97,39,536,Suspicious
58,55,57,308,Suspicious
47,49,38,61,Normal
63,43,73,473,Suspicious
24,68,91,541,Suspicious
27,89,26,409,Suspicious
84,89,33,587,Suspicious
45,37,93,149,Normal
9,87,93,515,Suspicious
45,41,79,75,Normal
81,42,45,509,Suspicious
70,81,64,595,Suspicious
92,90,65,177,Suspicious
10,15,95,171,Normal
41,47,79,249,Normal
27,26,51,372,Suspicious
99,37,39,200,Suspicious
25,33,62,420,Suspicious
37,98,56,209,Suspicious
26,10,34,503,Suspicious
7,83,59,525,Suspicious
4,20,29,174,Normal
50,77,71,599,Suspicious
9,97,84,504,Suspicious
28,29,34,440,Suspicious
72,19,29,459,Suspicious
59,61,25,142,Normal
34,10,75,118,Normal
23,59,82,550,Suspicious
49,48,20,492,Suspicious
10,30,43,163,Normal
96,70,99,232,Suspicious
41,53,47,595,Suspicious
79,34,38,87,Suspicious
13,47,67,294,Normal
31,87,72,476,Suspicious
26,50,83,150,Normal
64,25,76,523,Suspicious
52,47,94,342,Suspicious
91,14,46,298,Suspicious
86,26,45,199,Suspicious
77,71,80,534,Suspicious
44,33,47,489,Suspicious
83,76,31,258,Suspicious
68,74,40,328,Suspicious
61,80,93,519,Suspicious
51,78,80,567,Suspicious
53,17,100,367,Suspicious
64,55,59,282,Normal
67,93,89,422,Suspicious
60,76,27,570,Suspicious
87,10,29,227,Suspicious
92,40,90,209,Suspicious
98,77,32,127,Suspicious
39,31,78,133,Normal
70,31,90,144,Normal
24,62,92,392,Suspicious
74,13,90,586,Suspicious
33,12,88,270,Normal
1,80,57,369,Suspicious
3,61,59,525,Suspicious
91,55,23,226,Suspicious
89,47,90,434,Suspicious
43,94,72,186,Suspicious
56,53,22,240,Normal
10,94,98,382,Suspicious
3,21,73,482,Suspicious
53,63,52,100,Normal
56,49,79,65,Normal
58,88,82,425,Suspicious
80,24,65,570,Suspicious
73,98,95,333,Suspicious
76,59,60,408,Suspicious
89,84,76,534,Suspicious
1,33,56,383,Suspicious
43,70,31,514,Suspicious
18,32,23,136,Normal
85,45,73,515,Suspicious
21,94,77,518,Suspicious
43,73,24,481,Suspicious
52,22,89,177,Normal
93,90,29,177,Suspicious
94,41,96,208,Suspicious
53,37,80,88,Normal
40,39,42,315,Suspicious
1,58,44,122,Normal
56,92,42,397,Suspicious
37,83,67,529,Suspicious
79,87,47,311,Suspicious
8,80,41,342,Suspicious
46,82,27,562,Suspicious
3,97,50,387,Suspicious
69,82,96,139,Suspicious
25,44,89,111,Normal
50,46,35,387,Suspicious
70,75,53,204,Normal
98,95,50,71,Suspicious
42,99,33,375,Suspicious
76,48,37,441,Suspicious
58,65,75,173,Normal
79,81,96,174,Suspicious
62,60,40,159,Normal
53,22,60,259,Normal
74,47,34,178,Normal
30,83,68,471,Suspicious
58,10,83,366,Suspicious
92,59,33,270,Suspicious
6,51,79,350,Suspicious
36,73,71,351,Suspicious
27,30,96,377,Suspicious
35,89,27,131,Suspicious
68,97,54,251,Suspicious
52,54,67,488,Suspicious
18,67,54,573,Suspicious
8,100,27,477,Suspicious
78,69,26,512,Suspicious
56,51,64,304,Suspicious
2,63,22,286,Normal
85,76,75,448,Suspicious
38,78,49,412,Suspicious
8,96,30,344,Suspicious
6,42,63,566,Suspicious
78,67,38,500,Suspicious
69,74,46,526,Suspicious
80,96,33,479,Suspicious
33,80,96,351,Suspicious
53,34,30,463,Suspicious
73,65,63,451,Suspicious
59,45,88,86,Normal
38,81,89,101,Suspicious
37,14,53,549,Suspicious
72,80,50,501,Suspicious
72,41,20,371,Suspicious
56,85,43,256,Suspicious
9,37,84,535,Suspicious
48,79,59,264,Suspicious
64,92,48,110,Suspicious
43,18,72,143,Normal
95,22,46,366,Suspicious
75,57,54,253,Normal
69,72,75,290,Normal
4,78,50,267,Suspicious
14,86,86,269,Suspicious
59,58,91,79,Normal
10,69,88,529,Suspicious
49,20,85,227,Normal
23,45,47,183,Normal
71,80,45,551,Suspicious
6,43,72,231,Normal
7,41,24,329,Suspicious
36,15,46,411,Suspicious
50,63,92,477,Suspicious
78,42,21,351,Suspicious
64,82,50,528,Suspicious
62,57,25,141,Normal
60,29,88,472,Suspicious
44,32,97,517,Suspicious
8,43,42,461,Suspicious
20,38,47,171,Normal
25,93,24,200,Suspicious
71,97,69,337,Suspicious
45,11,29,477,Suspicious
46,23,21,559,Suspicious
68,16,58,314,Suspicious
72,12,38,272,Normal
19,34,62,57,Normal
91,61,20,76,Suspicious
3,32,43,482,Suspicious
34,35,53,271,Normal
73,49,95,255,Normal
85,99,76,412,Suspicious
95,89,21,54,Suspicious
30,41,95,229,Normal
66,90,79,578,Suspicious
56,27,22,247,Normal
97,70,91,437,Suspicious
24,23,31,175,Normal
6,48,51,359,Suspicious
14,92,25,323,Suspicious
94,87,28,398,Suspicious
32,42,99,261,Normal
42,79,61,126,Suspicious
16,23,56,551,Suspicious
31,95,83,600,Suspicious
31,69,87,478,Suspicious
96,11,83,353,Suspicious
84,45,68,235,Suspicious
80,77,98,490,Suspicious
99,20,80,284,Suspicious
95,64,44,291,Suspicious
100,22,80,297,Suspicious
83,69,42,331,Suspicious
92,42,50,65,Suspicious
5,83,76,172,Suspicious
92,83,44,246,Suspicious
59,84,52,319,Suspicious
42,14,78,350,Suspicious
67,76,68,536,Suspicious
98,92,82,83,Suspicious
80,27,57,230,Suspicious
69,86,67,304,Suspicious
22,27,29,496,Suspicious
52,77,45,261,Suspicious
46,44,81,309,Suspicious
39,44,98,290,Normal
78,68,84,462,Suspicious
46,84,56,549,Suspicious
57,60,44,580,Suspicious
57,91,67,363,Suspicious
93,29,66,251,Suspicious
28,16,75,306,Suspicious
11,57,79,511,Suspicious
36,84,96,93,Suspicious
5,63,70,70,Normal
69,12,29,147,Normal
62,67,78,456,Suspicious
70,93,34,293,Suspicious
72,53,30,352,Suspicious
66,64,23,291,Normal
100,11,95,55,Suspicious
12,85,76,320,Suspicious
59,91,23,81,Suspicious
59,57,93,510,Suspicious
99,46,28,137,Suspicious
53,33,77,443,Suspicious
52,13,32,323,Suspicious
14,68,47,133,Normal
66,45,21,382,Suspicious
99,34,52,533,Suspicious
50,29,50,361,Suspicious
3,62,78,572,Suspicious
18,69,58,131,Normal
52,53,57,416,Suspicious
3,12,79,95,Normal
5,45,92,121,Normal
46,22,85,465,Suspicious
10,97,62,297,Suspicious
98,55,95,396,Suspicious
43,82,44,462,Suspicious
86,39,81,277,Suspicious
47,86,34,351,Suspicious
93,53,37,416,Suspicious
79,74,47,75,Suspicious
60,83,90,541,Suspicious
8,53,23,97,Normal
88,18,50,310,Suspicious
35,89,45,527,Suspicious
87,21,29,194,Suspicious
69,61,21,503,Suspicious
84,30,30,250,Suspicious
43,20,85,278,Normal
54,40,60,185,Normal
3,19,89,171,Normal
46,10,88,522,Suspicious
9,60,45,414,Suspicious
4,83,26,170,Suspicious
48,58,76,230,Normal
42,62,64,535,Suspicious
6,47,84,256,Normal
8,15,63,50,Normal
30,16,81,97,Normal
9,99,96,366,Suspicious
91,12,77,208,Suspicious
67,45,68,432,Suspicious
18,23,75,372,Suspicious
44,51,65,357,Suspicious
22,57,55,493,Suspicious
77,52,21,73,Suspicious
9,45,76,215,Normal
19,48,42,337,Suspicious
18,89,90,270,Suspicious
14,31,76,289,Normal
20,43,85,131,Normal
62,15,32,81,Normal
38,44,31,460,Suspicious
75,33,48,375,Suspicious
28,88,100,346,Suspicious
95,82,66,412,Suspicious
32,82,94,482,Suspicious
30,89,35,420,Suspicious
6,42,54,555,Suspicious
41,44,43,266,Normal
82,94,59,508,Suspicious
55,84,98,450,Suspicious
64,19,57,422,Suspicious
36,98,82,434,Suspicious
54,47,90,357,Suspicious
99,30,31,178,Suspicious
100,22,35,387,Suspicious
37,83,68,288,Suspicious
39,88,58,512,Suspicious
94,28,32,300,Suspicious
55,87,90,153,Suspicious
16,15,78,52,Normal
16,79,83,311,Suspicious
17,62,91,449,Suspicious
2,33,87,331,Suspicious
79,97,72,339,Suspicious
79,75,72,255,Suspicious
12,70,87,268,Normal
46,27,51,229,Normal
49,31,22,80,Normal
15,75,58,370,Suspicious
1,96,62,373,Suspicious
6,62,84,131,Normal
33,38,20,84,Normal
95,37,59,79,Suspicious
90,62,34,191,Suspicious
6,90,38,318,Suspicious
90,14,70,514,Suspicious
74,69,28,279,Normal
13,69,62,462,Suspicious
98,67,56,56,Suspicious
38,97,46,596,Suspicious
71,55,46,128,Normal
59,27,88,298,Normal
37,29,97,218,Normal
95,29,37,95,Suspicious
30,97,90,325,Suspicious
65,97,89,238,Suspicious
43,69,50,451,Suspicious
21,32,47,63,Normal
28,54,35,563,Suspicious
51,83,85,245,Suspicious
54,21,45,369,Suspicious
40,65,43,219,Normal
67,49,26,534,Suspicious
32,84,24,361,Suspicious
49,93,30,560,Suspicious
29,67,55,297,Normal
98,82,73,463,Suspicious
47,62,25,281,Normal
99,60,63,565,Suspicious
82,42,31,297,Suspicious
44,85,48,388,Suspicious
29,56,64,181,Normal
70,14,80,92,Normal
100,43,20,230,Suspicious
28,54,100,248,Normal
31,31,59,140,Normal
70,50,56,426,Suspicious
91,94,63,532,Malware
89,35,52,332,Suspicious
72,41,34,74,Normal
96,30,60,97,Suspicious
7,97,67,366,Suspicious
53,35,79,572,Suspicious
67,18,82,199,Normal
48,71,77,310,Suspicious
25,32,36,120,Normal
93,68,46,463,Suspicious
65,88,36,433,Suspicious
18,61,87,204,Normal
3,72,32,546,Suspicious
14,13,43,74,Normal
72,40,26,204,Normal
28,39,75,74,Normal
61,36,93,176,Normal
67,12,90,334,Suspicious
90,50,99,300,Suspicious
47,88,31,549,Suspicious
38,91,47,298,Suspicious
95,78,38,456,Suspicious
81,28,70,446,Suspicious
39,85,29,84,Suspicious
10,60,51,419,Suspicious
25,89,52,96,Suspicious
59,72,68,133,Normal
70,69,43,382,Suspicious
49,25,42,414,Suspicious
13,13,42,211,Normal
58,40,56,525,Suspicious
69,81,50,469,Suspicious
72,97,41,562,Suspicious
55,46,57,472,Suspicious
59,51,85,547,Suspicious
87,79,73,388,Suspicious
73,89,72,595,Suspicious
65,31,82,146,Normal
67,13,74,54,Normal
64,75,39,192,Normal
99,87,53,77,Suspicious
13,40,56,449,Suspicious
26,60,71,198,Normal
81,73,82,187,Suspicious
98,51,75,149,Suspicious
9,21,82,420,Suspicious
5,87,54,145,Suspicious
69,61,72,143,Normal
39,41,80,382,Suspicious
39,14,61,200,Normal
49,62,65,501,Suspicious
48,81,99,505,Suspicious
3,34,51,353,Suspicious
59,44,78,165,Normal
44,61,42,563,Suspicious
84,34,39,275,Suspicious
2,80,61,542,Suspicious
27,83,65,540,Suspicious
55,37,86,277,Normal
8,49,37,453,Suspicious
84,63,43,440,Suspicious
64,33,59,263,Normal
40,50,26,444,Suspicious
84,55,46,408,Suspicious
65,32,65,475,Suspicious
17,23,85,461,Suspicious
76,62,81,348,Suspicious
1,86,45,315,Suspicious
14,70,66,560,Suspicious
22,73,44,455,Suspicious
82,37,30,237,Suspicious
68,52,58,412,Suspicious
43,94,95,85,Suspicious
54,42,53,504,Suspicious
76,86,26,94,Suspicious
80,82,52,471,Suspicious
94,65,87,331,Suspicious
51,60,37,401,Suspicious
87,76,42,69,Suspicious
42,39,73,524,Suspicious
40,77,76,56,Suspicious
20,97,59,488,Suspicious
71,88,90,398,Suspicious
94,57,50,113,Suspicious
93,53,28,561,Suspicious
7,99,62,297,Suspicious
57,54,20,352,Suspicious
70,31,32,543,Suspicious
81,43,23,363,Suspicious
47,43,27,216,Normal
23,83,65,95,Suspicious
88,95,77,393,Suspicious
60,18,46,150,Normal
23,60,23,275,Normal
52,94,46,535,Suspicious
37,62,22,492,Suspicious
63,90,83,175,Suspicious
29,33,54,222,Normal
51,76,50,244,Suspicious
32,86,97,205,Suspicious
73,53,75,201,Normal
95,69,34,445,Suspicious
22,76,38,127,Suspicious
95,74,89,245,Suspicious
39,25,88,241,Normal
56,71,84,307,Suspicious
54,59,63,64,Normal
16,92,34,148,Suspicious
75,61,87,519,Suspicious
6,44,64,521,Suspicious
45,48,56,531,Suspicious
46,41,97,375,Suspicious
82,80,31,266,Suspicious
54,56,74,566,Suspicious
92,60,80,59,Suspicious
46,10,69,228,Normal
1,93,68,108,Suspicious
49,98,84,87,Suspicious
31,51,50,138,Normal
78,74,24,98,Suspicious
76,83,58,577,Suspicious
67,14,91,340,Suspicious
64,37,33,394,Suspicious
97,61,38,292,Suspicious
2,99,46,456,Suspicious
94,42,91,76,Suspicious
55,18,73,80,Normal
24,92,24,449,Suspicious
63,43,99,68,Normal
21,12,64,551,Suspicious
71,25,85,178,Normal
78,31,79,65,Suspicious
6,19,64,314,Suspicious
22,57,31,500,Suspicious
86,26,90,240,Suspicious
41,45,73,172,Normal
4,25,74,281,Normal
56,100,40,524,Suspicious
48,77,92,164,Suspicious
60,81,21,323,Suspicious
81,83,38,510,Suspicious
66,92,54,416,Suspicious
55,65,20,372,Suspicious
45,78,73,562,Suspicious
6,85,38,448,Suspicious
21,57,40,61,Normal
46,32,84,216,Normal
73,63,27,171,Normal
76,51,81,574,Suspicious
9,92,97,132,Suspicious
5,44,88,384,Suspicious
18,28,37,538,Suspicious
80,30,42,63,Suspicious
95,61,30,503,Suspicious
18,24,95,485,Suspicious
36,54,96,78,Normal
25,30,81,556,Suspicious
46,56,91,60,Normal
86,39,84,161,Suspicious
88,42,57,263,Suspicious
15,32,64,216,Normal
81,28,38,153,Suspicious
12,73,56,483,Suspicious
87,95,65,172,Suspicious
27,56,21,232,Normal
51,27,55,445,Suspicious
62,51,21,341,Suspicious
90,84,58,354,Suspicious
24,77,51,91,Suspicious
38,34,59,205,Normal
79,22,73,191,Suspicious
77,28,74,520,Suspicious
14,55,45,416,Suspicious
66,76,57,399,Suspicious
62,59,62,565,Suspicious
15,63,68,240,Normal
28,88,23,303,Suspicious
62,78,58,322,Suspicious
64,29,67,411,Suspicious
99,35,64,296,Suspicious
39,28,34,330,Suspicious
71,86,48,69,Suspicious
91,30,76,529,Suspicious
25,59,92,60,Normal
87,68,73,573,Suspicious
85,83,78,491,Suspicious
71,64,86,116,Normal
24,66,98,104,Normal
45,64,83,352,Suspicious
25,61,45,247,Normal
48,96,34,512,Suspicious
92,24,36,221,Suspicious
37,22,63,552,Suspicious
79,50,85,516,Suspicious
38,13,37,569,Suspicious
84,68,83,461,Suspicious
27,21,61,508,Suspicious
10,64,26,318,Suspicious
69,19,68,264,Normal
10,57,86,563,Suspicious
58,37,23,168,Normal
34,15,68,518,Suspicious
18,47,56,397,Suspicious
93,85,29,323,Suspicious
28,77,87,492,Suspicious
53,61,75,126,Normal
87,99,53,208,Suspicious
24,33,63,317,Suspicious
84,99,62,141,Suspicious
98,23,83,522,Suspicious
45,83,80,167,Suspicious
17,67,66,115,Normal
93,96,42,390,Suspicious
94,70,42,249,Suspicious
47,80,81,555,Suspicious
30,31,60,390,Suspicious
31,50,96,208,Normal
41,45,34,262,Normal
23,59,98,425,Suspicious
88,73,88,265,Suspicious
37,29,49,166,Normal
31,61,24,263,Normal
60,59,88,288,Normal
23,39,48,96,Normal
92,74,79,108,Suspicious
57,38,43,474,Suspicious
44,81,66,586,Suspicious
8,13,47,174,Normal
90,54,86,561,Suspicious
91,58,69,275,Suspicious
28,23,58,55,Normal
81,58,24,54,Suspicious
89,10,67,460,Suspicious
70,88,43,344,Suspicious
92,48,29,422,Suspicious
26,69,59,474,Suspicious
62,57,20,427,Suspicious
85,77,38,153,Suspicious
25,93,21,290,Suspicious
70,28,67,408,Suspicious
36,53,61,66,Normal
44,29,28,102,Normal
67,45,23,367,Suspicious
39,79,23,115,Suspicious
1,69,41,336,Suspicious
57,80,64,531,Suspicious
37,33,49,142,Normal
58,41,22,327,Suspicious
25,32,42,126,Normal
20,92,42,437,Suspicious
24,97,93,228,Suspicious
55,59,37,66,Normal
19,37,84,597,Suspicious
52,47,26,197,Normal
96,42,68,566,Suspicious
46,64,57,170,Normal
53,100,85,575,Suspicious
40,64,93,405,Suspicious
7,18,46,237,Normal
66,72,76,86,Normal
17,81,72,261,Suspicious
2,20,56,110,Normal
20,63,75,179,Normal
51,20,39,74,Normal
84,97,86,329,Suspicious
43,52,87,348,Suspicious
55,90,23,251,Suspicious
73,41,49,378,Suspicious
91,70,45,540,Suspicious
41,66,84,95,Normal
63,53,52,509,Suspicious
52,73,71,54,Normal
96,31,42,103,Suspicious
6,18,47,545,Suspicious
13,80,23,341,Suspicious
66,87,67,521,Suspicious
11,61,100,355,Suspicious
79,92,89,236,Suspicious
5,98,87,309,Suspicious
89,13,97,99,Suspicious
59,33,25,66,Normal
55,29,67,419,Suspicious
87,42,45,564,Suspicious
14,95,61,570,Suspicious
87,98,67,570,Suspicious
47,18,94,420,Suspicious
74,18,25,516,Suspicious
25,64,100,296,Normal
83,38,40,107,Suspicious
100,47,37,353,Suspicious
91,56,76,364,Suspicious
47,26,78,498,Suspicious
25,16,56,117,Normal
2,77,27,299,Suspicious
48,93,45,240,Suspicious
46,71,63,388,Suspicious
82,80,49,542,Suspicious
28,66,36,58,Normal
69,18,70,200,Normal
41,52,99,113,Normal
83,65,91,251,Suspicious
24,28,52,288,Normal
42,91,51,318,Suspicious
89,85,56,413,Suspicious
95,36,99,250,Suspicious
6,62,27,102,Normal
49,90,94,237,Suspicious
94,42,98,561,Suspicious
99,39,100,347,Suspicious
88,68,56,360,Suspicious
61,86,70,125,Suspicious
20,61,98,411,Suspicious
73,37,50,504,Suspicious
63,42,59,111,Normal
85,89,41,250,Suspicious
5,86,43,363,Suspicious
10,82,48,298,Suspicious
91,46,32,90,Suspicious
90,37,41,118,Suspicious
44,84,94,526,Suspicious
41,32,30,565,Suspicious
76,33,69,344,Suspicious
53,28,92,135,Normal
7,19,24,484,Suspicious
40,21,80,363,Suspicious
28,30,72,108,Normal
94,53,45,201,Suspicious
82,19,71,426,Suspicious
16,92,38,444,Suspicious
9,42,79,331,Suspicious
26,19,87,317,Suspicious
76,66,43,168,Suspicious
82,75,71,408,Suspicious
84,20,34,440,Suspicious
41,17,72,125,Normal
10,34,73,334,Suspicious
12,82,59,422,Suspicious
21,50,44,132,Normal
48,62,82,316,Suspicious
53,84,66,442,Suspicious
70,78,83,80,Suspicious
38,21,64,428,Suspicious
47,98,89,437,Suspicious
100,73,65,465,Suspicious
30,69,88,82,Normal
30,59,22,302,Suspicious
3,66,93,93,Normal
24,49,91,82,Normal
42,57,40,404,Suspicious
17,53,23,90,Normal
28,84,28,110,Suspicious
79,14,53,376,Suspicious
12,55,51,207,Normal
65,90,50,238,Suspicious
75,28,81,88,Normal
95,92,36,409,Suspicious
82,63,67,375,Suspicious
60,93,27,248,Suspicious
59,89,70,528,Suspicious
12,13,32,78,Normal
55,63,41,149,Normal
76,53,72,563,Suspicious
73,30,69,240,Normal
100,65,92,164,Suspicious
69,36,55,293,Normal
91,24,57,93,Suspicious
36,69,85,129,Normal
46,31,49,511,Suspicious
53,62,79,109,Normal
60,22,64,595,Suspicious
95,20,44,457,Suspicious
75,19,97,60,Normal
1,35,76,304,Suspicious
20,89,41,232,Suspicious
91,27,70,342,Suspicious
41,48,94,482,Suspicious
1,18,94,558,Suspicious
62,15,79,186,Normal
11,54,58,540,Suspicious
18,75,26,55,Normal
47,51,68,166,Normal
48,30,97,245,Normal
76,31,53,423,Suspicious
50,60,65,224,Normal
16,76,93,548,Suspicious
6,91,98,58,Suspicious
65,84,45,428,Suspicious
53,42,96,583,Suspicious
100,68,56,515,Suspicious
94,63,80,492,Suspicious
78,97,92,230,Suspicious
78,73,81,55,Suspicious
8,16,81,72,Normal
65,22,69,427,Suspicious
32,95,48,201,Suspicious
36,14,78,578,Suspicious
29,50,49,175,Normal
9,15,67,339,Suspicious
27,90,54,464,Suspicious
31,53,26,167,Normal
3,11,54,205,Normal
6,29,61,439,Suspicious
6,42,24,525,Suspicious
57,87,40,394,Suspicious
31,23,89,394,Suspicious
81,27,100,109,Suspicious
73,51,38,589,Suspicious
7,62,45,527,Suspicious
28,28,58,108,Normal
7,39,47,74,Normal
86,93,73,74,Suspicious
87,84,93,100,Suspicious
50,21,89,465,Suspicious
1,63,47,222,Normal
98,78,57,177,Suspicious
59,78,75,503,Suspicious
4,16,85,230,Normal
14,15,22,152,Normal
55,39,74,348,Suspicious
49,89,94,582,Suspicious
84,10,100,329,Suspicious
30,56,76,370,Suspicious
63,57,25,538,Suspicious
44,38,88,447,Suspicious
8,28,72,170,Normal
36,36,86,537,Suspicious
13,89,40,142,Suspicious
64,66,25,578,Suspicious
25,89,84,264,Suspicious
85,60,47,82,Suspicious
50,91,61,556,Suspicious
24,48,22,275,Normal
46,60,27,266,Normal
63,81,31,541,Suspicious
100,55,93,181,Suspicious
99,97,57,229,Suspicious
53,36,32,154,Normal
91,90,100,462,Malware
77,37,42,590,Suspicious
94,44,88,576,Suspicious
92,25,52,516,Suspicious
28,99,96,135,Suspicious
99,94,43,199,Suspicious
74,26,60,195,Normal
59,93,82,539,Suspicious
39,14,50,394,Suspicious
78,67,30,414,Suspicious
51,34,45,260,Normal
69,91,26,520,Suspicious
6,32,85,460,Suspicious
24,57,57,69,Normal
15,79,82,378,Suspicious
36,88,64,272,Suspicious
89,100,78,267,Suspicious
46,93,79,343,Suspicious
5,13,31,236,Normal
15,83,47,456,Suspicious
43,34,58,398,Suspicious
58,74,37,576,Suspicious
85,44,85,289,Suspicious
5,75,95,525,Suspicious
32,87,63,129,Suspicious
11,46,66,380,Suspicious
29,58,29,410,Suspicious
93,27,78,401,Suspicious
67,63,39,289,Normal
95,30,84,504,Suspicious
80,31,74,389,Suspicious
13,28,78,62,Normal
71,61,63,354,Suspicious
55,49,47,595,Suspicious
42,89,52,87,Suspicious
3,94,39,322,Suspicious
65,21,52,433,Suspicious
65,14,46,349,Suspicious
46,21,44,279,Normal
1,27,77,452,Suspicious
12,82,69,313,Suspicious
63,35,73,125,Normal
1,99,57,450,Suspicious
2,67,27,184,Normal
41,99,75,521,Suspicious
77,42,44,118,Suspicious
90,71,31,274,Suspicious
61,95,97,256,Suspicious
12,26,57,383,Suspicious
4,64,73,600,Suspicious
21,20,57,123,Normal
71,27,65,544,Suspicious
7,32,99,454,Suspicious
31,72,49,457,Suspicious
95,83,62,598,Suspicious
19,47,51,502,Suspicious
37,12,83,330,Suspicious
8,80,72,314,Suspicious
75,55,84,92,Normal
24,57,50,474,Suspicious
45,24,86,71,Normal
69,35,47,571,Suspicious
9,89,26,532,Suspicious
89,63,97,146,Suspicious
76,12,29,428,Suspicious
3,20,42,84,Normal
67,25,27,594,Suspicious
60,90,47,460,Suspicious
51,47,37,508,Suspicious
70,52,39,450,Suspicious
86,30,61,254,Suspicious
79,23,92,187,Suspicious
2,11,40,120,Normal
62,41,33,543,Suspicious
1,77,65,241,Suspicious
1,33,94,164,Normal
54,85,99,567,Suspicious
29,75,41,360,Suspicious
40,53,77,150,Normal
40,59,90,160,Normal
48,50,63,206,Normal
28,17,54,594,Suspicious
21,17,54,342,Suspicious
70,13,53,104,Normal
30,23,88,557,Suspicious
18,55,58,282,Normal
86,15,39,368,Suspicious
79,100,70,565,Suspicious
32,85,97,224,Suspicious
37,38,20,326,Suspicious
91,23,45,143,Suspicious
75,88,83,457,Suspicious
22,95,45,174,Suspicious
79,69,84,178,Suspicious
84,45,93,303,Suspicious
70,44,85,168,Normal
87,12,56,493,Suspicious
10,53,51,165,Normal
23,63,61,142,Normal
24,91,62,439,Suspicious
66,35,43,536,Suspicious
62,95,52,544,Suspicious
76,40,41,407,Suspicious
19,85,52,87,Suspicious
56,76,61,539,Suspicious
92,72,26,104,Suspicious
96,17,27,121,Suspicious
58,59,31,111,Normal
83,16,30,282,Suspicious
72,61,82,351,Suspicious
36,41,87,216,Normal
37,96,41,115,Suspicious
30,55,70,359,Suspicious
24,61,64,107,Normal
60,32,26,114,Normal
92,47,25,565,Suspicious
15,44,76,405,Suspicious
63,17,100,389,Suspicious
25,79,96,130,Suspicious
86,82,91,72,Suspicious
47,55,64,189,Normal
46,66,46,553,Suspicious
37,41,25,565,Suspicious
55,45,27,196,Normal
45,38,71,478,Suspicious
43,79,90,597,Suspicious
89,34,67,584,Suspicious
100,13,24,435,Suspicious
80,44,80,552,Suspicious
7,14,86,96,Normal
36,23,83,361,Suspicious
20,55,81,50,Normal
99,28,23,292,Suspicious
11,73,85,499,Suspicious
68,78,90,73,Suspicious
7,88,72,137,Suspicious
29,17,94,281,Normal
9,68,57,225,Normal
32,73,76,457,Suspicious
87,61,41,51,Suspicious
27,49,72,66,Normal
22,15,36,138,Normal
96,15,84,346,Suspicious
50,74,42,495,Suspicious
21,62,41,144,Normal
12,78,68,85,Suspicious
57,59,73,287,Normal
47,47,72,387,Suspicious
31,30,31,160,Normal
93,30,32,99,Suspicious
10,66,31,352,Suspicious
57,71,92,161,Normal
3,23,60,299,Normal
97,67,67,160,Suspicious
72,66,95,252,Normal
14,11,81,228,Normal
37,96,99,72,Suspicious
37,16,93,78,Normal
24,22,50,484,Suspicious
34,62,84,468,Suspicious
84,96,59,397,Suspicious
58,83,70,570,Suspicious
19,24,94,462,Suspicious
5,62,29,385,Suspicious
90,46,37,479,Suspicious
83,69,58,278,Suspicious
70,28,33,339,Suspicious
58,82,68,443,Suspicious
7,43,20,314,Suspicious
15,32,82,451,Suspicious
25,39,45,332,Suspicious
10,91,21,157,Suspicious
19,73,62,268,Normal
57,31,87,423,Suspicious
91,25,68,175,Suspicious
76,48,21,455,Suspicious
21,26,55,203,Normal
91,55,32,250,Suspicious
78,50,46,405,Suspicious
53,93,84,88,Suspicious
67,51,67,77,Normal
58,56,33,208,Normal
24,13,43,537,Suspicious
12,76,44,281,Suspicious
76,80,88,473,Suspicious
43,66,90,553,Suspicious
12,29,50,259,Normal
48,58,41,105,Normal
88,50,87,357,Suspicious
11,71,91,328,Suspicious
7,92,20,290,Suspicious
57,52,90,459,Suspicious
1,15,67,397,Suspicious
53,19,48,318,Suspicious
85,83,52,301,Suspicious
54,46,35,188,Normal
53,99,46,194,Suspicious
14,41,67,426,Suspicious
79,92,55,455,Suspicious
1,68,75,318,Suspicious
53,56,91,95,Normal
66,96,42,52,Suspicious
79,45,86,364,Suspicious
18,40,100,167,Normal
86,81,27,315,Suspicious
80,98,46,287,Suspicious
65,40,61,503,Suspicious
32,83,87,415,Suspicious
1,96,29,371,Suspicious
5,10,46,284,Normal
2,60,95,171,Normal
78,10,70,145,Suspicious
41,24,53,187,Normal
31,27,23,114,Normal
71,38,74,406,Suspicious
52,53,36,369,Suspicious
81,30,40,73,Suspicious
64,39,52,212,Normal
36,99,49,549,Suspicious
39,50,88,579,Suspicious
15,32,26,569,Suspicious
80,62,95,148,Suspicious
16,79,38,387,Suspicious
30,45,68,533,Suspicious
3,42,68,60,Normal
37,53,64,92,Normal
32,27,66,456,Suspicious
15,50,57,89,Normal
11,28,95,127,Normal
81,98,27,310,Suspicious
97,30,76,474,Suspicious
53,23,88,546,Suspicious
100,32,78,57,Suspicious
93,86,26,462,Malware
85,45,45,58,Suspicious
63,58,53,108,Normal
7,76,45,458,Suspicious
70,58,86,517,Suspicious
99,36,22,332,Suspicious
52,83,64,237,Suspicious
89,23,22,528,Suspicious
42,65,77,587,Suspicious
90,57,80,383,Suspicious
20,99,30,192,Suspicious
61,44,64,438,Suspicious
33,97,63,335,Suspicious
69,28,86,134,Normal
39,72,90,190,Normal
54,92,43,192,Suspicious
41,95,90,126,Suspicious
49,31,97,382,Suspicious
64,75,76,579,Suspicious
16,73,25,159,Normal
12,36,99,496,Suspicious
34,16,54,410,Suspicious
32,17,84,52,Normal
46,21,96,562,Suspicious
53,84,84,554,Suspicious
75,99,87,314,Suspicious
93,50,22,210,Suspicious
24,23,35,388,Suspicious
7,14,97,477,Suspicious
23,60,42,114,Normal
29,80,25,419,Suspicious
61,73,65,273,Normal
66,24,100,279,Normal
29,74,91,92,Normal
19,93,59,420,Suspicious
95,90,26,539,Malware
73,33,27,352,Suspicious
65,76,26,108,Suspicious
97,95,78,116,Suspicious
19,75,27,588,Suspicious
99,27,82,281,Suspicious
70,97,94,162,Suspicious
52,20,68,182,Normal
96,43,97,446,Suspicious
45,28,68,560,Suspicious
86,18,90,205,Suspicious
7,45,39,524,Suspicious
100,20,71,373,Suspicious
7,63,99,597,Suspicious
48,71,37,403,Suspicious
48,64,92,113,Normal
11,80,62,423,Suspicious
15,60,26,394,Suspicious
5,47,60,492,Suspicious
68,34,20,438,Suspicious
47,17,91,459,Suspicious
10,67,100,411,Suspicious
17,87,20,548,Suspicious
99,13,42,176,Suspicious
66,85,78,70,Suspicious
17,73,48,566,Suspicious
100,88,99,273,Suspicious
74,71,63,348,Suspicious
36,53,38,307,Suspicious
14,67,60,163,Normal
40,33,34,485,Suspicious
16,94,22,384,Suspicious
33,59,83,200,Normal
33,30,55,297,Normal
85,76,99,212,Suspicious
30,53,48,334,Suspicious
29,15,83,170,Normal
42,52,56,451,Suspicious
99,21,74,528,Suspicious
53,37,96,379,Suspicious
11,38,62,137,Normal
30,78,99,495,Suspicious
37,47,90,152,Normal
62,16,76,496,Suspicious
4,43,73,544,Suspicious
43,96,38,391,Suspicious
53,73,90,62,Normal
8,34,37,357,Suspicious
44,57,85,373,Suspicious
89,41,68,485,Suspicious
34,55,65,196,Normal
51,57,51,181,Normal
93,52,31,164,Suspicious
29,87,36,369,Suspicious
71,86,43,392,Suspicious
44,46,43,432,Suspicious
10,76,61,58,Suspicious
8,33,72,277,Normal
73,89,47,344,Suspicious
52,79,99,158,Suspicious
33,83,49,581,Suspicious
88,24,60,215,Suspicious
2,50,84,499,Suspicious
69,50,67,206,Normal
18,46,89,359,Suspicious
11,85,85,183,Suspicious
86,82,59,328,Suspicious
47,17,61,221,Normal
5,62,39,111,Normal
16,14,39,586,Suspicious
63,27,76,436,Suspicious
54,81,54,429,Suspicious
69,48,27,410,Suspicious
93,42,64,123,Suspicious
10,59,58,323,Suspicious
1,87,60,65,Suspicious
65,32,22,513,Suspicious
79,35,21,421,Suspicious
13,43,73,303,Suspicious
34,13,23,241,Normal
33,38,23,499,Suspicious
56,29,34,133,Normal
46,24,29,312,Suspicious
68,98,42,540,Suspicious
11,24,99,448,Suspicious
40,13,70,270,Normal
26,70,74,451,Suspicious
20,52,27,422,Suspicious
8,86,24,62,Suspicious
4,79,78,281,Suspicious
99,75,57,480,Suspicious
25,21,60,438,Suspicious
39,32,50,249,Normal
78,95,21,240,Suspicious
5,79,88,550,Suspicious
89,90,61,563,Suspicious
37,56,23,195,Normal
59,54,32,462,Suspicious
31,92,23,573,Suspicious
25,75,61,340,Suspicious
83,79,36,169,Suspicious
25,15,90,512,Suspicious
73,22,67,89,Normal
4,62,58,481,Suspicious
7,81,98,266,Suspicious
48,29,70,214,Normal
57,90,90,581,Suspicious
70,88,90,574,Suspicious
82,44,24,582,Suspicious
12,42,42,221,Normal
84,73,48,472,Suspicious
67,37,28,380,Suspicious
63,36,98,444,Suspicious
68,57,82,424,Suspicious
94,35,46,432,Suspicious
90,40,31,497,Suspicious
96,74,100,324,Suspicious
39,70,47,394,Suspicious
58,84,25,450,Suspicious
85,69,44,549,Suspicious
33,71,41,245,Normal
50,22,52,261,Normal
42,81,86,490,Suspicious
55,65,64,367,Suspicious
82,43,51,69,Suspicious
47,23,51,587,Suspicious
27,11,87,233,Normal
14,45,87,546,Suspicious
77,75,40,213,Suspicious
80,40,26,221,Suspicious
53,73,97,169,Normal
88,18,29,286,Suspicious
86,11,55,482,Suspicious
100,100,81,61,Suspicious
86,58,52,401,Suspicious
49,55,38,560,Suspicious
34,50,99,519,Suspicious
100,99,72,456,Malware
93,43,60,288,Suspicious
49,31,66,108,Normal
40,47,98,361,Suspicious
47,87,65,326,Suspicious
23,78,25,506,Suspicious
29,11,32,148,Normal
75,11,86,275,Normal
36,97,82,313,Suspicious
63,99,76,434,Suspicious
80,30,71,82,Suspicious
7,94,35,409,Suspicious
73,71,34,585,Suspicious
55,93,23,381,Suspicious
16,27,20,494,Suspicious
29,94,84,312,Suspicious
98,60,32,283,Suspicious
23,85,67,549,Suspicious
96,95,88,420,Suspicious
56,41,44,123,Normal
28,14,59,357,Suspicious
52,56,40,166,Normal
50,66,100,157,Normal
37,79,33,297,Suspicious
28,22,90,429,Suspicious
48,59,59,535,Suspicious
72,62,66,219,Normal
57,53,88,555,Suspicious
96,43,23,520,Suspicious
44,98,30,520,Suspicious
78,53,50,437,Suspicious
95,58,89,281,Suspicious
69,80,76,543,Suspicious
52,72,62,406,Suspicious
79,53,56,133,Suspicious
60,33,32,550,Suspicious
77,90,100,548,Suspicious
1,66,31,566,Suspicious
46,98,86,595,Suspicious
13,22,32,389,Suspicious
36,51,38,403,Suspicious
78,98,83,325,Suspicious
43,79,95,74,Suspicious
31,54,97,315,Suspicious
53,21,42,82,Normal
61,74,92,568,Suspicious
8,98,74,300,Suspicious
18,76,61,164,Suspicious
36,33,43,70,Normal
95,86,40,56,Suspicious
70,54,46,489,Suspicious
59,49,41,560,Suspicious
21,94,82,285,Suspicious
95,34,76,262,Suspicious
23,62,100,557,Suspicious
10,47,85,344,Suspicious
2,44,69,436,Suspicious
24,54,92,284,Normal
32,78,43,86,Suspicious
80,51,88,263,Suspicious
48,39,46,342,Suspicious
60,16,99,264,Normal
9,61,85,367,Suspicious
63,100,66,350,Suspicious
73,63,86,381,Suspicious
92,36,27,382,Suspicious
100,57,98,420,Suspicious
22,52,45,286,Normal
91,29,37,564,Suspicious
38,47,29,571,Suspicious
26,52,73,578,Suspicious
67,79,59,326,Suspicious
19,43,43,569,Suspicious
22,12,90,304,Suspicious
38,88,61,495,Suspicious
59,87,52,368,Suspicious
70,35,74,267,Normal
94,11,67,286,Suspicious
88,97,89,415,Suspicious
66,72,67,490,Suspicious
47,22,71,473,Suspicious
47,23,46,151,Normal
67,20,61,400,Suspicious
63,86,22,258,Suspicious
91,86,42,57,Suspicious
46,32,66,393,Suspicious
85,72,88,399,Suspicious
15,33,65,378,Suspicious
68,21,88,528,Suspicious
42,38,39,130,Normal
55,13,37,468,Suspicious
36,38,61,565,Suspicious
88,82,58,494,Suspicious
84,20,45,535,Suspicious
94,99,31,79,Suspicious
55,69,87,59,Normal
36,81,44,292,Suspicious
51,72,46,82,Normal
77,19,96,479,Suspicious
58,95,50,223,Suspicious
35,19,57,111,Normal
77,77,25,112,Suspicious
27,53,45,434,Suspicious
74,25,53,80,Normal
22,17,41,220,Normal
34,40,35,594,Suspicious
69,22,57,184,Normal
77,100,80,411,Suspicious
9,67,33,249,Normal
66,19,63,528,Suspicious
22,60,83,246,Normal
50,80,67,463,Suspicious
24,91,21,133,Suspicious
59,97,56,483,Suspicious
96,37,85,246,Suspicious
80,48,36,421,Suspicious
4,66,54,66,Normal
20,62,26,466,Suspicious
37,96,91,103,Suspicious
57,30,74,537,Suspicious
15,63,99,330,Suspicious
26,32,79,479,Suspicious
5,20,47,138,Normal
100,94,24,217,Suspicious
99,49,71,454,Suspicious
85,72,47,138,Suspicious
75,13,56,231,Normal
52,11,94,328,Suspicious
64,26,34,145,Normal
75,20,85,147,Normal
75,78,74,344,Suspicious
40,14,45,491,Suspicious
91,16,55,59,Suspicious
47,74,47,525,Suspicious
90,90,56,237,Suspicious
29,82,77,281,Suspicious
68,39,77,126,Normal
4,22,48,415,Suspicious
71,93,85,475,Suspicious
2,26,51,366,Suspicious
74,30,36,225,Normal
16,84,61,64,Suspicious
32,31,66,328,Suspicious
31,83,25,207,Suspicious
80,29,75,576,Suspicious
63,54,72,168,Normal
70,45,92,573,Suspicious
8,47,38,586,Suspicious
30,26,82,555,Suspicious
37,71,95,117,Normal
82,22,85,114,Suspicious
66,57,98,569,Suspicious
87,64,99,409,Suspicious
4,17,53,422,Suspicious
42,47,76,558,Suspicious
18,93,90,147,Suspicious
93,96,27,382,Suspicious
16,79,94,236,Suspicious
17,13,78,172,Normal
28,73,95,169,Normal
91,54,32,498,Suspicious
2,27,23,572,Suspicious
86,36,29,531,Suspicious
90,68,51,518,Suspicious
76,54,83,288,Suspicious
57,65,97,85,Normal
94,71,76,73,Suspicious
8,47,100,108,Normal
77,91,43,449,Suspicious
33,23,48,241,Normal
97,63,86,213,Suspicious
84,84,79,586,Suspicious
59,71,72,535,Suspicious
85,60,70,595,Suspicious
14,25,98,429,Suspicious
90,46,71,545,Suspicious
27,62,83,167,Normal
32,41,81,548,Suspicious
45,11,45,431,Suspicious
53,44,58,564,Suspicious
79,90,49,496,Suspicious
25,39,70,323,Suspicious
66,52,30,531,Suspicious
63,52,45,509,Suspicious
31,79,97,369,Suspicious
51,52,47,290,Normal
74,88,31,173,Suspicious
100,75,73,507,Suspicious
74,89,83,336,Suspicious
28,37,85,493,Suspicious
32,48,73,451,Suspicious
6,100,97,487,Suspicious
68,23,36,119,Normal
46,94,73,276,Suspicious
68,36,91,231,Normal
29,61,75,328,Suspicious
9,27,23,197,Normal
69,98,68,549,Suspicious
73,60,72,52,Normal
6,85,94,574,Suspicious
88,28,22,134,Suspicious
23,55,31,357,Suspicious
26,86,92,302,Suspicious
82,92,69,318,Suspicious
46,76,80,444,Suspicious
14,100,25,530,Suspicious
60,51,35,229,Normal
88,28,89,210,Suspicious
18,91,43,317,Suspicious
35,30,60,55,Normal
55,36,26,135,Normal
44,39,88,101,Normal
7,61,40,322,Suspicious
21,96,50,532,Suspicious
95,77,70,463,Suspicious
93,61,58,356,Suspicious
61,99,63,172,Suspicious
86,79,57,267,Suspicious
31,29,62,237,Normal
38,100,99,378,Suspicious
88,68,63,187,Suspicious
86,20,73,400,Suspicious
72,45,58,75,Normal
34,49,95,241,Normal
20,20,85,136,Normal
11,11,89,177,Normal
65,91,74,381,Suspicious
70,48,48,89,Normal
83,28,68,577,Suspicious
46,29,100,147,Normal
53,33,65,489,Suspicious
5,86,76,423,Suspicious
67,53,71,376,Suspicious
91,55,69,188,Suspicious
34,34,87,557,Suspicious
36,25,70,381,Suspicious
51,20,70,176,Normal
85,60,51,196,Suspicious
10,20,70,245,Normal
36,11,21,207,Normal
63,15,41,176,Normal
3,32,27,582,Suspicious
76,88,58,174,Suspicious
79,82,56,190,Suspicious
21,97,28,395,Suspicious
78,62,26,491,Suspicious
6,16,29,126,Normal
30,78,57,114,Suspicious
23,84,59,233,Suspicious
61,14,44,255,Normal
10,35,45,193,Normal
48,77,86,192,Suspicious
98,34,25,112,Suspicious
28,96,52,359,Suspicious
72,89,84,544,Suspicious
5,76,29,145,Suspicious
96,85,41,356,Suspicious
17,21,58,295,Normal
19,71,91,192,Normal
54,49,92,171,Normal
88,69,79,115,Suspicious
55,54,40,545,Suspicious
85,79,94,427,Suspicious
87,35,24,573,Suspicious
87,53,42,243,Suspicious
8,80,36,58,Suspicious
89,43,78,72,Suspicious
22,90,87,263,Suspicious
86,81,23,118,Suspicious
58,55,22,68,Normal
82,44,44,61,Suspicious
90,51,65,271,Suspicious
93,16,39,438,Suspicious
52,34,94,208,Normal
65,30,37,111,Normal
100,24,63,377,Suspicious
84,28,65,192,Suspicious
49,46,34,335,Suspicious
6,14,39,311,Suspicious
7,24,38,578,Suspicious
28,35,91,465,Suspicious
44,23,48,328,Suspicious
46,57,29,594,Suspicious
50,80,65,99,Suspicious
21,88,61,254,Suspicious
74,16,67,325,Suspicious
72,18,83,228,Normal
17,25,98,178,Normal
17,29,47,529,Suspicious
89,50,63,108,Suspicious
93,61,61,285,Suspicious
40,36,73,547,Suspicious
36,93,90,84,Suspicious
14,33,34,151,Normal
31,94,61,116,Suspicious
51,93,72,453,Suspicious
83,19,90,398,Suspicious
68,71,85,432,Suspicious
86,64,67,456,Suspicious
94,64,89,586,Suspicious
82,82,23,482,Suspicious
76,41,77,535,Suspicious
71,12,25,476,Suspicious
74,46,81,419,Suspicious
87,41,43,200,Suspicious
8,52,58,75,Normal
69,16,49,171,Normal
97,24,55,310,Suspicious
38,63,84,484,Suspicious
56,100,46,361,Suspicious
14,78,60,139,Suspicious
48,84,65,461,Suspicious
92,63,83,174,Suspicious
11,37,24,242,Normal
78,41,71,95,Suspicious
15,30,44,471,Suspicious
36,45,66,532,Suspicious
15,49,39,257,Normal
26,30,89,127,Normal
59,46,62,500,Suspicious
95,31,92,373,Suspicious
74,61,83,438,Suspicious
67,91,86,461,Suspicious
10,88,31,322,Suspicious
10,10,55,185,Normal
47,26,45,55,Normal
47,59,66,551,Suspicious
32,69,96,98,Normal
83,45,81,280,Suspicious
44,75,66,157,Normal
76,67,76,56,Suspicious
39,81,49,375,Suspicious
36,43,81,51,Normal
2,40,76,86,Normal
10,59,34,130,Normal
61,33,99,212,Normal
1,49,51,66,Normal
73,38,69,293,Normal
24,24,95,462,Suspicious
1,14,55,452,Suspicious
81,69,71,513,Suspicious
65,66,43,549,Suspicious
72,28,57,89,Normal
2,85,61,335,Suspicious
35,82,45,557,Suspicious
33,13,44,79,Normal
85,35,87,294,Suspicious
99,49,67,401,Suspicious
82,21,37,420,Suspicious
5,81,31,267,Suspicious
26,53,28,180,Normal
72,44,94,498,Suspicious
65,68,45,581,Suspicious
98,79,39,482,Suspicious
54,73,62,144,Normal
95,23,51,548,Suspicious
51,65,100,106,Normal
31,12,36,142,Normal
72,70,33,446,Suspicious
40,79,50,508,Suspicious
28,87,58,143,Suspicious
20,24,74,67,Normal
24,10,62,270,Normal
28,84,48,149,Suspicious
93,57,30,595,Suspicious
45,63,87,558,Suspicious
80,80,34,109,Suspicious
14,41,35,306,Suspicious
29,15,68,584,Suspicious
34,81,63,444,Suspicious
100,58,85,164,Suspicious
55,43,36,165,Normal
5,54,66,194,Normal
49,78,90,282,Suspicious
19,91,53,134,Suspicious
93,38,24,598,Suspicious
27,17,77,449,Suspicious
23,20,91,167,Normal
59,89,36,334,Suspicious
92,62,94,245,Suspicious
86,47,20,365,Suspicious
7,42,92,515,Suspicious
51,83,85,83,Suspicious
32,53,49,285,Normal
24,60,51,70,Normal
62,99,53,361,Suspicious
80,79,35,249,Suspicious
83,97,31,157,Suspicious
19,40,55,410,Suspicious
74,43,42,515,Suspicious
60,33,99,199,Normal
65,38,96,384,Suspicious
1,87,45,347,Suspicious
6,34,74,581,Suspicious
35,99,94,210,Suspicious
57,35,57,302,Suspicious
6,10,93,58,Normal
67,36,77,343,Suspicious
45,60,69,273,Normal
48,23,22,573,Suspicious
47,97,20,80,Suspicious
44,18,75,591,Suspicious
30,26,65,242,Normal
8,62,98,513,Suspicious
84,35,37,543,Suspicious
41,82,39,241,Suspicious
66,76,35,198,Suspicious
49,70,100,211,Normal
38,68,74,197,Normal
65,81,43,500,Suspicious
94,34,34,260,Suspicious
32,60,24,181,Normal
94,12,99,136,Suspicious
86,92,25,551,Suspicious
52,43,65,228,Normal
74,48,50,201,Normal
40,12,29,304,Suspicious
77,18,42,371,Suspicious
91,94,21,196,Suspicious
17,35,93,570,Suspicious
98,44,40,385,Suspicious
69,84,82,68,Suspicious
83,37,82,117,Suspicious
53,59,33,103,Normal
98,34,28,461,Suspicious
81,62,48,172,Suspicious
18,87,41,483,Suspicious
49,68,82,239,Normal
69,57,67,91,Normal
31,43,23,186,Normal
87,12,39,428,Suspicious
62,81,35,146,Suspicious
29,31,82,283,Normal
54,61,64,493,Suspicious
19,13,91,376,Suspicious
55,31,42,471,Suspicious
90,37,82,378,Suspicious
88,91,65,161,Suspicious
80,58,43,406,Suspicious
18,83,62,266,Suspicious
46,24,23,247,Normal
77,39,32,138,Suspicious
62,85,95,585,Suspicious
34,47,55,560,Suspicious
5,60,47,162,Normal
14,65,100,407,Suspicious
84,16,99,447,Suspicious
73,72,47,581,Suspicious
68,21,57,325,Suspicious
80,52,87,568,Suspicious
24,45,75,160,Normal
26,58,69,151,Normal
62,72,25,535,Suspicious
29,57,54,271,Normal
70,33,76,118,Normal
11,76,72,369,Suspicious
53,49,95,101,Normal
61,40,81,412,Suspicious
80,60,93,539,Suspicious
11,49,85,187,Normal
61,96,20,83,Suspicious
8,53,52,140,Normal
1,24,37,277,Normal
82,80,26,112,Suspicious
44,45,24,288,Normal
8,40,98,349,Suspicious
85,24,69,117,Suspicious
19,40,65,398,Suspicious
99,100,77,341,Suspicious
12,89,24,361,Suspicious
77,62,58,482,Suspicious
93,63,79,514,Suspicious
71,43,62,598,Suspicious
23,95,80,279,Suspicious
36,91,87,241,Suspicious
95,88,86,536,Malware
15,99,99,86,Suspicious
80,26,88,223,Suspicious
46,57,35,355,Suspicious
20,81,40,452,Suspicious
93,75,49,423,Suspicious
90,53,59,196,Suspicious
51,15,74,359,Suspicious
9,56,86,237,Normal
42,13,90,147,Normal
78,14,83,225,Suspicious
26,47,51,172,Normal
38,53,60,393,Suspicious
89,49,100,413,Suspicious
1,97,56,228,Suspicious
22,43,92,482,Suspicious
23,96,92,470,Suspicious
46,16,73,231,Normal
21,39,73,67,Normal
72,76,82,546,Suspicious
73,91,86,524,Suspicious
92,71,48,513,Suspicious
48,49,76,515,Suspicious
4,96,26,174,Suspicious
43,60,47,573,Suspicious
57,49,41,537,Suspicious
49,74,61,594,Suspicious
63,28,50,335,Suspicious
7,89,73,373,Suspicious
99,75,58,334,Suspicious
75,84,61,559,Suspicious
29,65,22,345,Suspicious
5,59,26,247,Normal
64,62,86,98,Normal
22,40,94,205,Normal
9,30,85,511,Suspicious
26,92,47,127,Suspicious
48,33,31,427,Suspicious
15,64,39,599,Suspicious
2,62,87,122,Normal
39,45,64,212,Normal
23,51,58,362,Suspicious
53,18,52,402,Suspicious
28,21,37,386,Suspicious
73,82,74,379,Suspicious
97,40,76,493,Suspicious
49,55,61,380,Suspicious
82,68,31,182,Suspicious
39,47,90,236,Normal
27,34,41,509,Suspicious
56,44,36,100,Normal
64,93,92,599,Suspicious
54,97,27,415,Suspicious
14,40,74,383,Suspicious
80,64,64,467,Suspicious
32,14,39,241,Normal
43,45,56,276,Normal
48,88,59,182,Suspicious
14,83,44,158,Suspicious
73,70,60,180,Normal
36,53,89,270,Normal
42,90,78,138,Suspicious
14,43,60,255,Normal
94,20,78,461,Suspicious
55,58,93,117,Normal
51,21,99,211,Normal
76,81,69,129,Suspicious
57,65,88,539,Suspicious
86,41,76,113,Suspicious
44,48,97,349,Suspicious
37,66,77,50,Normal
99,49,35,339,Suspicious
52,52,79,562,Suspicious
82,62,74,306,Suspicious
35,99,26,318,Suspicious
26,67,98,415,Suspicious
99,52,55,106,Suspicious
35,76,39,475,Suspicious
86,26,100,395,Suspicious
12,14,88,351,Suspicious
53,78,92,368,Suspicious
39,58,43,260,Normal
74,32,23,168,Normal
64,70,42,55,Normal
83,68,59,503,Suspicious
30,92,42,394,Suspicious
45,64,85,171,Normal
84,73,64,500,Suspicious
53,81,32,295,Suspicious
77,13,82,117,Suspicious
64,58,28,592,Suspicious
33,70,51,199,Normal
86,85,84,434,Suspicious
18,21,94,187,Normal
99,52,83,199,Suspicious
3,58,86,544,Suspicious
92,81,69,149,Suspicious
35,98,56,265,Suspicious
97,31,33,344,Suspicious
34,56,81,374,Suspicious
63,90,55,378,Suspicious
22,66,25,136,Normal
81,79,54,153,Suspicious
3,29,45,594,Suspicious
82,93,98,252,Suspicious
90,35,63,304,Suspicious
33,82,87,341,Suspicious
68,71,79,256,Normal
68,35,69,595,Suspicious
56,93,61,256,Suspicious
50,52,85,351,Suspicious
72,57,30,161,Normal
33,35,27,413,Suspicious
83,90,90,285,Suspicious
91,50,92,341,Suspicious
79,22,55,445,Suspicious
85,13,57,60,Suspicious
38,60,92,449,Suspicious
68,88,49,396,Suspicious
70,46,37,194,Normal
35,62,43,552,Suspicious
1,77,57,351,Suspicious
68,19,77,191,Normal
14,94,24,92,Suspicious
86,33,51,128,Suspicious
41,85,41,82,Suspicious
48,26,65,74,Normal
17,83,68,179,Suspicious
5,73,44,416,Suspicious
30,57,56,102,Normal
35,92,97,179,Suspicious
94,51,32,577,Suspicious
28,10,41,247,Normal
71,42,48,89,Normal
28,95,72,191,Suspicious
86,25,23,531,Suspicious
11,86,80,179,Suspicious
99,41,72,543,Suspicious
39,30,36,187,Normal
76,26,70,370,Suspicious
35,54,56,166,Normal
97,98,36,141,Suspicious
83,95,20,75,Suspicious
74,24,47,586,Suspicious
15,64,62,441,Suspicious
15,21,62,306,Suspicious
90,79,81,218,Suspicious
66,29,86,88,Normal
94,46,73,551,Suspicious
65,92,99,395,Suspicious
10,100,33,294,Suspicious
91,60,52,319,Suspicious
17,64,59,181,Normal
46,10,73,220,Normal
62,16,51,420,Suspicious
85,97,67,390,Suspicious
90,59,20,469,Suspicious
23,47,57,328,Suspicious
56,89,58,211,Suspicious
8,86,95,370,Suspicious
26,91,26,201,Suspicious
64,86,61,82,Suspicious
14,97,89,540,Suspicious
80,85,77,430,Suspicious
97,64,28,158,Suspicious
93,39,32,117,Suspicious
58,49,26,360,Suspicious
87,55,92,357,Suspicious
99,39,68,299,Suspicious
49,10,100,94,Normal
57,96,29,62,Suspicious
8,26,86,316,Suspicious
25,99,98,579,Suspicious
37,76,34,208,Suspicious
40,25,22,115,Normal
30,20,84,245,Normal
16,15,29,157,Normal
69,32,71,570,Suspicious
64,86,64,198,Suspicious
86,87,94,581,Suspicious
24,45,34,96,Normal
29,15,75,338,Suspicious
99,41,35,68,Suspicious
23,68,35,144,Normal
95,39,31,179,Suspicious
70,23,56,544,Suspicious
50,12,69,414,Suspicious
20,28,91,531,Suspicious
17,58,89,271,Normal
93,78,56,525,Suspicious
100,79,89,525,Suspicious
38,85,31,85,Suspicious
30,85,21,140,Suspicious
95,25,69,448,Suspicious
91,86,30,537,Malware
80,83,37,136,Suspicious
74,25,27,104,Normal
96,84,72,537,Suspicious
66,56,82,519,Suspicious
25,26,31,190,Normal
68,17,59,93,Normal
34,48,69,249,Normal
61,42,74,226,Normal
78,87,24,245,Suspicious
47,28,20,63,Normal
75,84,96,503,Suspicious
26,76,79,201,Suspicious
21,16,26,510,Suspicious
49,74,22,213,Normal
34,16,41,201,Normal
6,93,74,361,Suspicious
60,78,22,579,Suspicious
83,100,76,473,Suspicious
53,59,27,230,Normal
95,32,74,269,Suspicious
37,92,93,555,Suspicious
96,71,62,519,Suspicious
53,33,74,580,Suspicious
14,80,23,453,Suspicious
88,60,37,312,Suspicious
31,18,26,393,Suspicious
78,47,66,110,Suspicious
96,80,22,112,Suspicious
76,26,52,77,Suspicious
67,60,60,192,Normal
14,46,39,583,Suspicious
87,52,98,150,Suspicious
67,30,69,126,Normal
72,42,91,204,Normal
80,49,75,433,Suspicious
78,65,84,176,Suspicious
57,80,26,88,Suspicious
100,88,21,338,Suspicious
80,83,42,221,Suspicious
79,88,47,493,Suspicious
10,92,27,415,Suspicious
14,81,84,598,Suspicious
85,92,59,438,Suspicious
7,45,54,402,Suspicious
88,11,50,222,Suspicious
41,92,61,396,Suspicious
37,51,91,288,Normal
57,30,76,78,Normal
16,26,21,591,Suspicious
44,31,45,127,Normal
56,92,39,382,Suspicious
88,33,88,392,Suspicious
11,14,68,235,Normal
83,13,70,207,Suspicious
99,32,95,286,Suspicious
78,27,23,526,Suspicious
30,55,80,267,Normal
49,19,36,228,Normal
55,63,50,106,Normal
28,24,97,447,Suspicious
25,37,83,315,Suspicious
29,75,74,349,Suspicious
38,87,80,433,Suspicious
46,79,40,558,Suspicious
77,11,25,351,Suspicious
44,49,37,544,Suspicious
21,17,84,109,Normal
45,23,22,74,Normal
1,38,40,285,Normal
1,57,71,186,Normal
47,65,25,451,Suspicious
59,30,86,440,Suspicious
4,85,91,333,Suspicious
82,53,38,508,Suspicious
99,26,80,405,Suspicious
23,46,24,295,Normal
15,95,82,544,Suspicious
3,34,35,246,Normal
33,69,60,384,Suspicious
17,84,23,527,Suspicious
74,96,88,362,Suspicious
33,74,32,576,Suspicious
62,26,77,146,Normal
2,20,29,562,Suspicious
24,48,75,596,Suspicious
5,30,21,582,Suspicious
99,32,71,292,Suspicious
35,89,87,201,Suspicious
76,29,54,248,Suspicious
28,88,35,483,Suspicious
38,59,49,167,Normal
89,48,49,593,Suspicious
7,69,93,507,Suspicious
97,17,71,422,Suspicious
1,37,54,216,Normal
10,49,46,500,Suspicious
3,68,22,50,Normal
41,73,65,319,Suspicious
98,74,40,444,Suspicious
81,94,87,353,Suspicious
21,91,66,464,Suspicious
9,87,63,81,Suspicious
79,59,80,349,Suspicious
26,31,95,568,Suspicious
45,18,67,200,Normal
29,51,61,213,Normal
100,50,69,275,Suspicious
62,52,78,346,Suspicious
90,59,20,268,Suspicious
56,66,94,59,Normal
98,36,78,390,Suspicious
76,93,38,488,Suspicious
62,97,63,367,Suspicious
38,51,87,468,Suspicious
86,51,41,336,Suspicious
8,30,34,83,Normal
33,23,100,554,Suspicious
78,68,45,598,Suspicious
86,64,94,237,Suspicious
95,25,80,186,Suspicious
10,86,75,338,Suspicious
26,88,26,192,Suspicious
20,90,45,589,Suspicious
44,75,59,591,Suspicious
100,16,68,112,Suspicious
13,35,67,333,Suspicious
30,75,94,161,Normal
13,10,86,584,Suspicious
84,90,41,274,Suspicious
40,32,42,209,Normal
24,16,94,117,Normal
59,30,96,334,Suspicious
8,91,89,139,Suspicious
85,74,94,536,Suspicious
28,96,63,365,Suspicious
81,26,39,184,Suspicious
72,27,60,107,Normal
65,54,60,467,Suspicious
52,10,79,200,Normal
100,35,89,82,Suspicious
64,30,47,135,Normal
91,58,53,250,Suspicious
12,72,80,236,Normal
26,41,26,193,Normal
32,12,25,343,Suspicious
68,64,32,110,Normal
84,20,89,67,Suspicious
35,15,62,208,Normal
83,17,84,430,Suspicious
77,68,79,88,Suspicious
44,18,82,577,Suspicious
16,93,31,543,Suspicious
29,93,49,583,Suspicious
45,95,55,368,Suspicious
35,87,44,529,Suspicious
56,63,54,248,Normal
48,73,49,236,Normal
87,78,69,330,Suspicious
84,71,36,203,Suspicious
26,86,30,102,Suspicious
33,54,43,347,Suspicious
17,98,67,586,Suspicious
23,49,58,568,Suspicious
88,66,25,133,Suspicious
37,84,66,508,Suspicious
71,11,73,77,Normal
23,20,91,306,Suspicious
96,98,66,424,Suspicious
72,48,77,500,Suspicious
70,42,33,193,Normal
61,14,77,484,Suspicious
92,79,97,563,Suspicious
79,94,85,457,Suspicious
29,68,46,181,Normal
85,79,92,82,Suspicious
78,97,79,369,Suspicious
43,14,61,449,Suspicious
49,64,82,361,Suspicious
33,11,86,446,Suspicious
53,54,42,110,Normal
82,35,78,73,Suspicious
34,34,89,168,Normal
8,75,44,97,Normal
11,100,50,305,Suspicious
63,52,62,402,Suspicious
42,97,40,425,Suspicious
30,99,62,412,Suspicious
99,62,97,420,Suspicious
66,70,40,114,Normal
19,80,93,362,Suspicious
89,25,48,357,Suspicious
8,24,32,273,Normal
24,45,27,326,Suspicious
92,83,51,263,Suspicious
21,39,77,427,Suspicious
27,82,71,440,Suspicious
79,86,31,378,Suspicious
86,89,41,589,Suspicious
25,79,84,219,Suspicious
99,10,43,377,Suspicious
55,45,44,458,Suspicious
42,82,73,175,Suspicious
78,89,73,550,Suspicious
96,59,44,192,Suspicious
1,38,25,515,Suspicious
22,89,22,160,Suspicious
38,15,30,198,Normal
49,40,83,512,Suspicious
64,82,81,117,Suspicious
74,94,24,413,Suspicious
27,44,65,202,Normal
35,71,22,72,Normal
22,35,61,559,Suspicious
72,56,97,235,Normal
2,83,80,484,Suspicious
19,77,87,239,Suspicious
4,68,90,544,Suspicious
59,28,97,443,Suspicious
71,84,65,63,Suspicious
69,27,30,440,Suspicious
67,21,41,477,Suspicious
43,85,36,355,Suspicious
80,49,57,228,Suspicious
62,91,46,367,Suspicious
62,55,77,535,Suspicious
27,76,95,490,Suspicious
71,68,40,340,Suspicious
81,31,54,322,Suspicious
38,52,98,84,Normal
86,72,47,289,Suspicious
69,11,70,578,Suspicious
93,83,30,321,Suspicious
95,75,57,501,Suspicious
7,19,78,379,Suspicious
16,73,84,563,Suspicious
30,26,40,492,Suspicious
15,80,60,315,Suspicious
47,24,71,106,Normal
36,12,28,585,Suspicious
62,87,86,97,Suspicious
67,13,34,600,Suspicious
53,64,97,107,Normal
30,45,35,531,Suspicious
96,12,81,168,Suspicious
33,12,61,116,Normal
69,37,60,52,Normal
45,74,55,426,Suspicious
64,61,31,497,Suspicious
36,84,87,339,Suspicious
91,31,90,193,Suspicious
60,87,44,552,Suspicious
29,10,68,588,Suspicious
1,96,76,372,Suspicious
33,95,32,179,Suspicious
85,38,65,588,Suspicious
78,74,100,227,Suspicious
28,97,53,512,Suspicious
19,83,45,568,Suspicious
40,87,95,299,Suspicious
97,32,88,213,Suspicious
73,22,51,565,Suspicious
95,45,86,270,Suspicious
74,74,20,477,Suspicious
26,45,30,283,Normal
87,16,38,180,Suspicious
74,58,54,88,Normal
55,12,50,423,Suspicious
47,21,59,287,Normal
28,35,42,447,Suspicious
91,68,60,564,Suspicious
58,52,100,380,Suspicious
37,43,58,584,Suspicious
41,49,22,137,Normal
76,86,47,206,Suspicious
91,27,34,207,Suspicious
68,73,91,85,Normal
29,40,98,292,Normal
79,39,47,143,Suspicious
48,68,62,335,Suspicious
54,11,59,467,Suspicious
83,10,20,450,Suspicious
19,28,77,365,Suspicious
68,66,89,162,Normal
5,92,46,62,Suspicious
50,82,42,412,Suspicious
88,36,100,324,Suspicious
29,41,74,253,Normal
34,78,58,69,Suspicious
100,37,83,78,Suspicious
13,22,97,453,Suspicious
47,37,20,538,Suspicious
58,76,64,325,Suspicious
66,60,77,162,Normal
58,95,42,215,Suspicious
10,16,95,386,Suspicious
27,20,95,398,Suspicious
6,16,90,250,Normal
87,97,67,218,Suspicious
96,95,30,123,Suspicious
40,39,64,388,Suspicious
81,85,98,127,Suspicious
33,79,64,285,Suspicious
22,21,24,141,Normal
83,45,64,264,Suspicious
28,60,54,245,Normal
69,100,45,154,Suspicious
70,51,77,513,Suspicious
39,45,39,500,Suspicious
23,71,74,579,Suspicious
15,53,58,52,Normal
57,47,95,75,Normal
53,36,96,62,Normal
42,11,33,505,Suspicious
94,16,95,582,Suspicious
81,74,99,208,Suspicious
14,76,90,255,Suspicious
56,36,42,423,Suspicious
29,55,94,295,Normal
64,97,20,474,Suspicious
7,25,70,83,Normal
57,97,72,86,Suspicious
56,91,28,514,Suspicious
8,69,29,470,Suspicious
29,98,37,75,Suspicious
25,63,62,238,Normal
56,52,49,540,Suspicious
14,10,69,356,Suspicious
30,47,24,507,Suspicious
23,95,67,53,Suspicious
93,79,95,558,Suspicious
84,11,36,105,Suspicious
10,41,96,426,Suspicious
20,35,45,387,Suspicious
10,77,38,85,Suspicious
2,39,24,201,Normal
72,18,87,522,Suspicious
4,88,51,266,Suspicious
73,59,22,285,Normal
96,72,91,51,Suspicious
10,67,28,156,Normal
34,99,58,108,Suspicious
76,38,46,112,Suspicious
69,50,27,70,Normal
87,89,69,495,Suspicious
55,93,31,321,Suspicious
12,10,41,394,Suspicious
31,51,64,220,Normal
59,88,58,220,Suspicious
60,17,69,332,Suspicious
98,73,44,541,Suspicious
31,93,21,149,Suspicious
53,15,86,595,Suspicious
21,97,66,228,Suspicious
39,37,100,101,Normal
61,37,23,111,Normal
42,36,67,77,Normal
78,33,62,385,Suspicious
4,96,95,235,Suspicious
92,99,21,282,Suspicious
74,34,92,150,Normal
37,16,58,269,Normal
45,34,70,532,Suspicious
2,89,93,76,Suspicious
67,79,38,553,Suspicious
43,93,99,321,Suspicious
18,26,99,121,Normal
2,46,84,71,Normal
38,21,32,178,Normal
70,92,82,353,Suspicious
43,31,90,469,Suspicious
23,60,31,553,Suspicious
97,100,24,568,Malware
47,51,24,254,Normal
10,59,35,205,Normal
3,83,90,390,Suspicious
26,50,62,562,Suspicious
29,20,75,527,Suspicious
13,33,87,536,Suspicious
56,42,51,482,Suspicious
32,68,75,298,Normal
93,46,48,149,Suspicious
100,46,62,228,Suspicious
47,25,100,173,Normal
21,81,83,409,Suspicious
11,86,40,182,Suspicious
53,84,70,242,Suspicious
77,57,99,187,Suspicious
94,22,36,376,Suspicious
38,35,82,474,Suspicious
1,62,100,309,Suspicious
65,64,39,72,Normal
23,82,65,62,Suspicious
21,25,85,147,Normal
70,22,83,426,Suspicious
31,56,63,520,Suspicious
83,38,73,329,Suspicious
42,39,58,163,Normal
63,81,78,534,Suspicious
8,45,99,154,Normal
40,37,55,337,Suspicious
65,93,25,418,Suspicious
81,59,67,324,Suspicious
24,37,93,179,Normal
11,51,26,513,Suspicious
79,29,91,560,Suspicious
68,64,40,502,Suspicious
24,82,34,297,Suspicious
52,32,35,556,Suspicious
21,65,91,131,Normal
58,36,57,147,Normal
96,20,73,109,Suspicious
83,82,68,63,Suspicious
31,100,64,539,Suspicious
61,46,54,153,Normal
36,62,79,467,Suspicious
16,12,78,301,Suspicious
95,100,51,128,Suspicious
6,33,76,181,Normal
15,51,81,406,Suspicious
53,98,47,61,Suspicious
36,16,41,345,Suspicious
34,67,89,225,Normal
93,32,36,472,Suspicious
73,47,46,507,Suspicious
56,95,60,169,Suspicious
59,17,87,242,Normal
78,78,61,355,Suspicious
46,82,44,304,Suspicious
44,64,69,271,Normal
25,28,29,244,Normal
63,20,91,313,Suspicious
31,34,52,583,Suspicious
15,41,48,518,Suspicious
86,95,60,356,Suspicious
61,29,39,596,Suspicious
44,33,75,523,Suspicious
29,73,85,71,Normal
86,44,99,83,Suspicious
56,14,87,209,Normal
78,84,49,491,Suspicious
66,79,27,548,Suspicious
61,41,98,351,Suspicious
41,63,83,73,Normal
45,99,35,331,Suspicious
43,58,95,508,Suspicious
73,86,52,292,Suspicious
39,25,44,242,Normal
58,47,79,72,Normal
23,50,26,569,Suspicious
22,15,34,89,Normal
98,85,22,444,Suspicious
44,80,52,591,Suspicious
76,87,44,576,Suspicious
7,24,30,84,Normal
48,28,27,126,Normal
100,87,52,544,Malware
12,88,58,66,Suspicious
17,57,45,317,Suspicious
25,78,51,280,Suspicious
92,99,61,214,Suspicious
37,14,54,442,Suspicious
34,60,54,523,Suspicious
8,33,50,473,Suspicious
8,42,70,208,Normal
12,86,94,522,Suspicious
29,66,54,106,Normal
66,15,67,236,Normal
79,50,90,382,Suspicious
17,72,52,96,Normal
21,65,89,84,Normal
11,10,71,520,Suspicious
92,35,32,552,Suspicious
31,10,53,517,Suspicious
82,74,89,459,Suspicious
7,94,93,139,Suspicious
77,87,36,247,Suspicious
12,15,76,82,Normal
89,99,28,452,Suspicious
86,67,67,291,Suspicious
31,10,53,133,Normal
88,10,32,129,Suspicious
58,74,39,474,Suspicious
92,88,66,456,Malware
99,32,30,86,Suspicious
74,75,98,591,Suspicious
42,87,100,171,Suspicious
17,12,57,483,Suspicious
21,33,36,210,Normal
68,86,63,206,Suspicious
55,55,31,273,Normal
63,80,48,233,Suspicious
22,58,42,139,Normal
24,87,96,196,Suspicious
68,86,28,486,Suspicious
29,18,22,285,Normal
34,38,48,145,Normal
70,52,56,478,Suspicious
96,64,46,86,Suspicious
24,66,47,465,Suspicious
91,37,28,186,Suspicious
36,78,38,472,Suspicious
49,18,35,575,Suspicious
24,18,77,73,Normal
94,78,40,296,Suspicious
54,18,42,578,Suspicious
47,39,84,429,Suspicious
84,80,47,537,Suspicious
20,51,54,281,Normal
30,57,63,393,Suspicious
32,56,38,513,Suspicious
50,79,79,148,Suspicious
50,12,38,393,Suspicious
12,41,48,334,Suspicious
72,78,94,146,Suspicious
24,44,29,389,Suspicious
10,90,27,73,Suspicious
91,63,53,173,Suspicious
40,14,52,373,Suspicious
36,12,78,572,Suspicious
23,38,64,234,Normal
77,96,95,551,Suspicious
65,89,36,486,Suspicious
56,42,65,393,Suspicious
59,35,88,302,Suspicious
98,75,25,582,Suspicious
81,12,99,109,Suspicious
66,40,90,457,Suspicious
67,26,85,518,Suspicious
31,86,65,88,Suspicious
48,20,26,53,Normal
24,48,99,389,Suspicious
35,35,53,257,Normal
26,93,64,171,Suspicious
20,34,72,450,Suspicious
56,76,21,417,Suspicious
68,37,22,321,Suspicious
3,50,55,329,Suspicious
62,70,43,370,Suspicious
43,94,40,551,Suspicious
15,99,48,234,Suspicious
46,91,40,174,Suspicious
32,65,24,450,Suspicious
42,72,84,445,Suspicious
88,24,25,208,Suspicious
38,56,21,378,Suspicious
82,33,86,364,Suspicious
33,60,74,370,Suspicious
75,29,29,341,Suspicious
76,41,22,164,Suspicious
93,96,39,395,Suspicious
81,90,38,477,Suspicious
31,92,55,374,Suspicious
70,61,94,560,Suspicious
64,32,93,440,Suspicious
63,92,89,492,Suspicious
19,63,93,54,Normal
29,67,80,564,Suspicious
68,29,73,592,Suspicious
23,50,40,493,Suspicious
61,83,77,197,Suspicious
35,21,30,526,Suspicious
68,51,58,503,Suspicious
61,29,52,378,Suspicious
54,50,32,156,Normal
10,85,47,210,Suspicious
52,47,46,343,Suspicious
83,76,41,237,Suspicious
88,28,85,382,Suspicious
31,99,86,236,Suspicious
65,27,98,188,Normal
95,68,49,554,Suspicious
84,29,41,387,Suspicious
52,13,57,509,Suspicious
35,53,38,298,Normal
52,87,22,512,Suspicious
22,44,100,278,Normal
82,87,26,155,Suspicious
60,61,48,433,Suspicious
47,26,20,145,Normal
24,24,57,362,Suspicious
41,67,26,74,Normal
38,23,71,113,Normal
42,64,73,496,Suspicious
40,31,30,420,Suspicious
18,79,51,178,Suspicious
40,28,45,266,Normal
43,94,22,239,Suspicious
37,64,36,190,Normal
95,80,88,464,Suspicious
8,20,76,535,Suspicious
53,98,79,242,Suspicious
7,47,89,315,Suspicious
36,69,65,469,Suspicious
61,30,51,293,Normal
13,10,32,569,Suspicious
92,28,98,118,Suspicious
92,30,66,388,Suspicious
56,88,52,559,Suspicious
19,53,20,107,Normal
52,37,29,53,Normal
52,69,89,321,Suspicious
8,57,91,59,Normal
97,53,57,261,Suspicious
40,60,34,88,Normal
26,93,100,335,Suspicious
27,69,61,524,Suspicious
34,26,52,406,Suspicious
38,99,51,503,Suspicious
93,94,69,161,Suspicious
21,35,47,371,Suspicious
94,73,65,558,Suspicious
66,92,31,582,Suspicious
8,10,49,142,Normal
89,26,76,222,Suspicious
69,16,81,350,Suspicious
90,33,73,144,Suspicious
72,20,54,515,Suspicious
94,76,79,280,Suspicious
36,79,27,173,Suspicious
51,47,70,590,Suspicious
86,90,28,100,Suspicious
97,72,52,176,Suspicious
61,97,98,446,Suspicious
97,53,23,342,Suspicious
25,87,54,226,Suspicious
64,69,26,521,Suspicious
64,74,72,63,Normal
50,26,43,543,Suspicious
19,82,67,293,Suspicious
15,59,32,293,Normal
59,83,64,446,Suspicious
6,32,30,494,Suspicious
44,92,43,241,Suspicious
24,85,85,442,Suspicious
81,77,83,430,Suspicious
49,31,56,145,Normal
41,27,81,214,Normal
62,15,57,254,Normal
62,32,80,199,Normal
11,19,41,420,Suspicious
65,89,100,184,Suspicious
85,74,81,263,Suspicious
91,36,52,375,Suspicious
2,68,100,316,Suspicious
67,33,70,536,Suspicious
19,13,38,78,Normal
26,65,94,319,Suspicious
75,64,61,450,Suspicious
48,32,35,207,Normal
39,18,83,451,Suspicious
81,65,45,507,Suspicious
80,58,53,196,Suspicious
33,84,23,245,Suspicious
25,55,29,421,Suspicious
19,36,78,292,Normal
75,10,41,136,Normal
24,97,89,224,Suspicious
29,83,60,381,Suspicious
40,96,31,427,Suspicious
45,82,97,474,Suspicious
19,84,78,370,Suspicious
14,46,91,535,Suspicious
96,57,67,300,Suspicious
51,27,91,405,Suspicious
85,91,37,535,Suspicious
80,29,90,472,Suspicious
62,71,89,581,Suspicious
67,66,20,121,Normal
43,100,69,594,Suspicious
64,77,84,196,Suspicious
81,78,34,417,Suspicious
81,17,42,563,Suspicious
16,45,57,238,Normal
52,78,80,441,Suspicious
74,38,35,133,Normal
64,90,56,591,Suspicious
11,14,45,499,Suspicious
47,33,44,391,Suspicious
23,83,34,511,Suspicious
51,11,93,494,Suspicious
35,25,23,338,Suspicious
42,59,93,488,Suspicious
50,50,41,423,Suspicious
47,33,92,381,Suspicious
65,91,77,496,Suspicious
34,11,81,483,Suspicious
49,77,77,166,Suspicious
15,81,38,517,Suspicious
67,50,39,261,Normal
49,84,67,179,Suspicious
22,92,48,123,Suspicious
27,42,65,347,Suspicious
22,78,29,66,Suspicious
77,22,79,109,Suspicious
57,82,42,61,Suspicious
39,52,24,564,Suspicious
48,28,26,94,Normal
65,27,37,301,Suspicious
89,67,77,554,Suspicious
87,87,33,199,Suspicious
23,27,58,472,Suspicious
61,36,71,241,Normal
84,94,20,371,Suspicious
61,54,47,174,Normal
97,12,87,166,Suspicious
84,35,22,294,Suspicious
81,92,80,506,Suspicious
66,19,33,159,Normal
98,33,49,139,Suspicious
34,61,51,230,Normal
53,40,71,512,Suspicious
3,15,71,586,Suspicious
19,40,78,119,Normal
3,48,66,177,Normal
75,46,72,284,Normal
61,39,47,535,Suspicious
99,12,25,597,Suspicious
66,23,90,233,Normal
40,77,41,563,Suspicious
77,94,81,486,Suspicious
37,70,24,311,Suspicious
65,32,45,248,Normal
66,53,65,280,Normal
55,80,42,160,Suspicious
37,68,38,61,Normal
79,48,77,415,Suspicious
95,70,87,305,Suspicious
80,36,28,422,Suspicious
25,50,42,600,Suspicious
91,36,92,529,Suspicious
39,55,36,422,Suspicious
72,57,85,437,Suspicious
5,79,90,458,Suspicious
17,96,64,294,Suspicious
34,13,66,448,Suspicious
26,14,22,445,Suspicious
48,96,73,472,Suspicious
49,29,41,55,Normal
90,46,38,88,Suspicious
28,45,29,226,Normal
23,67,88,170,Normal
1,92,77,96,Suspicious
43,72,95,451,Suspicious
3,12,35,461,Suspicious
50,38,37,221,Normal
72,74,25,468,Suspicious
35,77,90,300,Suspicious
92,42,74,459,Suspicious
76,82,88,450,Suspicious
40,24,44,442,Suspicious
61,34,79,492,Suspicious
61,52,23,412,Suspicious
22,39,93,254,Normal
71,40,85,468,Suspicious
20,69,29,263,Normal
23,30,58,265,Normal
94,85,98,373,Suspicious
56,89,70,336,Suspicious
76,52,89,336,Suspicious
37,78,92,333,Suspicious
66,10,23,540,Suspicious
53,13,57,314,Suspicious
85,36,51,308,Suspicious
26,30,25,585,Suspicious
51,67,57,575,Suspicious
16,22,59,324,Suspicious
61,30,34,296,Normal
20,97,26,267,Suspicious
82,78,91,417,Suspicious
70,31,80,102,Normal
47,35,86,139,Normal
98,86,36,152,Suspicious
48,60,80,450,Suspicious
98,32,34,492,Suspicious
79,20,53,509,Suspicious
21,59,25,600,Suspicious
97,52,72,566,Suspicious
98,23,70,227,Suspicious
67,19,74,68,Normal
74,11,84,528,Suspicious
1,65,32,106,Normal
93,35,45,431,Suspicious
31,59,25,66,Normal
70,64,95,505,Suspicious
32,26,36,588,Suspicious
5,15,59,232,Normal
77,19,95,155,Suspicious
18,69,89,351,Suspicious
7,83,95,438,Suspicious
43,33,55,253,Normal
53,28,39,80,Normal
33,97,74,327,Suspicious
15,10,25,142,Normal
4,41,27,520,Suspicious
44,25,79,296,Normal
22,83,100,482,Suspicious
65,65,27,574,Suspicious
88,30,46,494,Suspicious
53,88,88,207,Suspicious
54,77,36,395,Suspicious
70,81,79,169,Suspicious
6,71,49,380,Suspicious
42,50,27,524,Suspicious
34,52,21,527,Suspicious
53,76,51,426,Suspicious
12,17,23,545,Suspicious
16,93,96,514,Suspicious
52,93,26,455,Suspicious
80,37,36,419,Suspicious
55,83,39,245,Suspicious
79,73,21,527,Suspicious
27,82,64,146,Suspicious
39,29,42,334,Suspicious
53,14,29,187,Normal
60,22,53,367,Suspicious
96,84,56,345,Suspicious
99,87,66,378,Suspicious
25,46,55,233,Normal
9,78,20,475,Suspicious
67,71,95,130,Normal
50,51,24,598,Suspicious
53,66,54,108,Normal
29,68,25,118,Normal
100,74,100,302,Suspicious
47,26,56,417,Suspicious
30,77,51,366,Suspicious
97,65,22,273,Suspicious
28,27,36,82,Normal
54,98,81,322,Suspicious
21,40,35,129,Normal
38,44,83,306,Suspicious
49,23,83,248,Normal
27,40,93,455,Suspicious
52,17,93,440,Suspicious
41,52,33,463,Suspicious
23,55,75,503,Suspicious
100,66,70,557,Suspicious
73,84,73,401,Suspicious
3,52,25,583,Suspicious
31,33,74,589,Suspicious
66,85,67,162,Suspicious
3,66,49,550,Suspicious
85,70,80,560,Suspicious
76,97,63,548,Suspicious
33,40,90,199,Normal
16,76,49,576,Suspicious
92,17,87,219,Suspicious
92,55,61,122,Suspicious
4,65,84,54,Normal
94,86,20,502,Malware
37,32,62,292,Normal
25,57,22,427,Suspicious
12,95,23,141,Suspicious
80,54,56,255,Suspicious
91,82,61,222,Suspicious
29,52,93,529,Suspicious
47,83,86,373,Suspicious
33,90,78,599,Suspicious
100,67,49,486,Suspicious
68,87,52,105,Suspicious
61,22,46,184,Normal
13,35,62,220,Normal
68,82,91,506,Suspicious
48,96,45,159,Suspicious
33,91,46,235,Suspicious
66,57,42,307,Suspicious
53,23,48,73,Normal
41,42,74,374,Suspicious
91,65,56,358,Suspicious
19,31,30,364,Suspicious
39,34,89,458,Suspicious
16,68,24,564,Suspicious
49,37,47,127,Normal
63,24,25,547,Suspicious
93,66,98,237,Suspicious
75,39,49,265,Normal
69,79,42,451,Suspicious
79,89,71,296,Suspicious
20,47,20,288,Normal
13,45,75,412,Suspicious
51,87,31,454,Suspicious
83,21,53,163,Suspicious
4,15,44,288,Normal
74,100,53,409,Suspicious
86,39,76,200,Suspicious
50,26,26,493,Suspicious
62,83,77,69,Suspicious
50,27,67,486,Suspicious
77,86,80,297,Suspicious
7,100,53,469,Suspicious
26,27,32,267,Normal
13,81,60,106,Suspicious
15,11,60,70,Normal
19,71,88,436,Suspicious
75,25,23,488,Suspicious
69,14,49,586,Suspicious
45,14,64,430,Suspicious
68,92,40,408,Suspicious
6,80,51,188,Suspicious
8,97,80,318,Suspicious
5,13,28,70,Normal
44,40,100,317,Suspicious
58,58,94,54,Normal
8,34,23,196,Normal
75,84,66,161,Suspicious
26,37,22,378,Suspicious
59,83,92,87,Suspicious
75,27,60,300,Normal
59,27,58,311,Suspicious
7,59,63,593,Suspicious
22,56,97,467,Suspicious
8,75,76,115,Normal
12,52,41,196,Normal
85,76,21,508,Suspicious
83,65,57,110,Suspicious
93,54,76,581,Suspicious
90,76,70,131,Suspicious
49,35,57,485,Suspicious
67,73,99,166,Normal
31,72,64,117,Normal
91,10,44,376,Suspicious
99,59,71,234,Suspicious
42,22,32,432,Suspicious
82,47,57,100,Suspicious
15,94,34,315,Suspicious
67,48,76,441,Suspicious
26,94,87,102,Suspicious
15,34,74,240,Normal
53,54,53,432,Suspicious
78,77,21,178,Suspicious
60,68,79,419,Suspicious
59,58,25,357,Suspicious
79,60,41,177,Suspicious
81,22,30,187,Suspicious
62,59,21,567,Suspicious
54,57,28,546,Suspicious
31,75,78,434,Suspicious
69,51,21,249,Normal
69,38,64,125,Normal
81,26,20,412,Suspicious
56,34,29,477,Suspicious
20,86,66,427,Suspicious
82,29,29,426,Suspicious
57,87,96,404,Suspicious
18,89,67,552,Suspicious
77,69,36,250,Suspicious
20,35,69,365,Suspicious
55,57,22,481,Suspicious
86,69,27,186,Suspicious
83,55,91,265,Suspicious
51,99,69,329,Suspicious
52,90,90,541,Suspicious
64,52,40,60,Normal
22,83,34,246,Suspicious
81,28,34,290,Suspicious
48,21,41,313,Suspicious
95,95,78,293,Suspicious
86,85,96,244,Suspicious
60,62,50,198,Normal
76,94,45,74,Suspicious
86,99,72,500,Suspicious
40,70,88,505,Suspicious
33,95,74,223,Suspicious
63,78,72,288,Suspicious
69,78,71,71,Suspicious
22,21,62,283,Normal
99,93,20,421,Suspicious
52,19,92,234,Normal
82,79,78,80,Suspicious
84,72,37,154,Suspicious
80,65,28,414,Suspicious
69,96,45,358,Suspicious
10,51,51,120,Normal
19,30,21,429,Suspicious
42,97,29,351,Suspicious
8,28,28,322,Suspicious
87,63,59,279,Suspicious
88,14,92,75,Suspicious
24,30,34,532,Suspicious
93,10,76,180,Suspicious
76,40,50,260,Suspicious
36,16,49,161,Normal
65,14,70,250,Normal
57,93,78,278,Suspicious
46,36,91,387,Suspicious
66,36,88,251,Normal
98,41,61,283,Suspicious
98,83,56,171,Suspicious
22,49,84,261,Normal
74,12,33,234,Normal
66,81,29,420,Suspicious
75,35,98,319,Suspicious
24,92,81,223,Suspicious
61,73,89,208,Normal
96,98,32,420,Suspicious
9,36,41,92,Normal
57,84,81,433,Suspicious
10,11,54,403,Suspicious
76,70,61,433,Suspicious
56,30,28,105,Normal
70,62,94,139,Normal
13,50,98,114,Normal
90,98,41,86,Suspicious
38,54,46,538,Suspicious
54,28,60,407,Suspicious
11,23,99,315,Suspicious
6,60,57,397,Suspicious
50,12,20,510,Suspicious
6,21,50,93,Normal
79,80,51,210,Suspicious
69,10,63,166,Normal
85,39,85,306,Suspicious
67,99,86,598,Suspicious
90,22,97,585,Suspicious
17,17,43,104,Normal
76,81,68,253,Suspicious
93,91,84,365,Suspicious
51,65,80,202,Normal
98,44,97,289,Suspicious
93,38,32,585,Suspicious
62,89,71,67,Suspicious
17,73,26,470,Suspicious
70,93,69,107,Suspicious
73,60,57,432,Suspicious
14,44,84,347,Suspicious
87,58,25,202,Suspicious
49,68,72,536,Suspicious
48,30,61,485,Suspicious
54,62,67,593,Suspicious
86,50,27,172,Suspicious
48,83,20,329,Suspicious
59,14,83,207,Normal
13,25,83,69,Normal
58,94,49,258,Suspicious
42,31,32,316,Suspicious
78,46,50,452,Suspicious
22,63,24,86,Normal
96,54,96,226,Suspicious
72,54,78,529,Suspicious
77,91,37,330,Suspicious
11,28,43,224,Normal
43,68,61,404,Suspicious
91,64,42,244,Suspicious
70,71,35,244,Normal
68,61,44,325,Suspicious
55,93,66,128,Suspicious
62,17,86,235,Normal
46,74,97,326,Suspicious
68,75,58,261,Normal
51,89,38,548,Suspicious
74,26,30,538,Suspicious
41,91,97,296,Suspicious
57,70,62,214,Normal
26,95,48,483,Suspicious
72,98,89,251,Suspicious
81,36,36,429,Suspicious
51,27,42,202,Normal
37,10,67,189,Normal
63,54,29,211,Normal
95,61,38,564,Suspicious
25,20,55,166,Normal
73,50,66,587,Suspicious
80,62,76,396,Suspicious
26,15,25,535,Suspicious
75,57,62,55,Normal
86,59,35,209,Suspicious
22,53,69,104,Normal
18,75,97,570,Suspicious
20,28,52,442,Suspicious
40,56,24,196,Normal
41,14,83,597,Suspicious
33,25,92,537,Suspicious
16,53,81,497,Suspicious
36,100,73,123,Suspicious
24,79,84,113,Suspicious
98,75,68,527,Suspicious
60,23,81,275,Normal
61,56,76,333,Suspicious
75,70,66,351,Suspicious
82,37,50,79,Suspicious
70,88,65,158,Suspicious
15,99,49,418,Suspicious
91,12,21,519,Suspicious
91,96,36,325,Suspicious
51,37,69,382,Suspicious
10,11,21,376,Suspicious
47,24,37,551,Suspicious
94,34,92,362,Suspicious
6,60,73,151,Normal
9,69,69,247,Normal
90,46,56,225,Suspicious
44,99,66,237,Suspicious
14,98,91,56,Suspicious
28,59,81,262,Normal
88,39,98,432,Suspicious
2,83,75,517,Suspicious
70,18,37,515,Suspicious
36,66,29,397,Suspicious
80,30,83,421,Suspicious
11,14,21,177,Normal
99,71,85,244,Suspicious
33,69,95,71,Normal
92,45,77,451,Suspicious
57,66,75,415,Suspicious
71,61,38,593,Suspicious
66,33,78,502,Suspicious
9,27,46,372,Suspicious
1,81,55,441,Suspicious
68,72,29,583,Suspicious
95,63,58,580,Suspicious
56,44,44,470,Suspicious
55,66,80,444,Suspicious
33,64,94,401,Suspicious
3,51,92,99,Normal
95,71,100,417,Suspicious
63,32,90,59,Normal
91,22,88,79,Suspicious
87,85,59,476,Suspicious
9,29,53,292,Normal
33,91,53,187,Suspicious
14,96,78,109,Suspicious
12,69,85,313,Suspicious
33,54,32,514,Suspicious
35,10,89,218,Normal
18,73,75,171,Normal
87,60,42,380,Suspicious
57,37,90,372,Suspicious
84,73,48,343,Suspicious
72,77,34,334,Suspicious
35,80,73,504,Suspicious
16,13,37,586,Suspicious
38,66,63,329,Suspicious
32,11,51,529,Suspicious
43,25,52,287,Normal
43,53,39,56,Normal
23,25,66,506,Suspicious
47,58,84,511,Suspicious
5,91,35,328,Suspicious
92,35,65,537,Suspicious
9,97,20,173,Suspicious
71,67,53,586,Suspicious
38,43,88,583,Suspicious
57,74,21,379,Suspicious
62,63,33,219,Normal
39,38,28,144,Normal
75,62,31,328,Suspicious
30,42,89,549,Suspicious
28,97,62,569,Suspicious
25,54,96,296,Normal
93,57,32,446,Suspicious
51,78,58,139,Suspicious
100,100,43,483,Malware
44,90,90,300,Suspicious
85,80,74,156,Suspicious
5,79,69,67,Suspicious
17,16,61,448,Suspicious
82,26,96,121,Suspicious
69,79,83,373,Suspicious
76,83,44,104,Suspicious
62,53,36,189,Normal
52,32,39,407,Suspicious
27,85,94,228,Suspicious
38,22,56,544,Suspicious
51,90,82,518,Suspicious
30,98,51,479,Suspicious
16,16,92,143,Normal
17,53,43,97,Normal
21,17,56,523,Suspicious
33,28,81,175,Normal
77,56,72,468,Suspicious
57,79,36,594,Suspicious
25,27,71,516,Suspicious
34,70,65,398,Suspicious
64,46,66,557,Suspicious
91,63,59,489,Suspicious
68,52,79,390,Suspicious
81,18,69,366,Suspicious
73,22,86,86,Normal
86,56,63,266,Suspicious
97,91,80,93,Suspicious
76,73,79,102,Suspicious
49,53,95,225,Normal
53,76,36,269,Suspicious
96,21,94,536,Suspicious
82,31,40,481,Suspicious
38,43,53,538,Suspicious
20,41,35,336,Suspicious
34,22,28,203,Normal
75,15,95,92,Normal
63,98,100,593,Suspicious
20,82,46,54,Suspicious
69,88,66,55,Suspicious
12,97,82,240,Suspicious
52,99,89,390,Suspicious
54,85,31,537,Suspicious
64,71,70,461,Suspicious
77,98,94,466,Suspicious
88,94,55,64,Suspicious
41,83,75,483,Suspicious
93,13,54,179,Suspicious
79,91,78,80,Suspicious
77,63,24,356,Suspicious
94,35,60,51,Suspicious
13,61,89,460,Suspicious
3,20,73,324,Suspicious
21,42,85,195,Normal
10,77,75,356,Suspicious
14,76,39,490,Suspicious
32,44,98,392,Suspicious
8,58,78,116,Normal
41,50,28,114,Normal
84,54,32,531,Suspicious
20,69,31,487,Suspicious
58,13,70,79,Normal
62,41,39,582,Suspicious
59,27,42,578,Suspicious
24,39,45,194,Normal
99,92,63,566,Malware
39,67,93,361,Suspicious
91,82,42,351,Suspicious
64,55,41,315,Suspicious
12,91,70,265,Suspicious
82,56,59,312,Suspicious
91,36,76,128,Suspicious
55,60,57,576,Suspicious
28,92,56,220,Suspicious
34,29,95,277,Normal
20,31,81,399,Suspicious
82,95,76,148,Suspicious
32,100,73,439,Suspicious
68,46,94,259,Normal
16,86,85,252,Suspicious
58,57,92,243,Normal
10,73,84,197,Normal
47,72,25,351,Suspicious
90,56,48,168,Suspicious
26,33,55,445,Suspicious
31,79,53,512,Suspicious
5,82,37,346,Suspicious
36,75,84,265,Normal
23,52,51,515,Suspicious
19,67,53,559,Suspicious
71,36,41,349,Suspicious
64,96,94,518,Suspicious
85,18,57,272,Suspicious
96,47,37,84,Suspicious
55,22,78,100,Normal
70,50,54,160,Normal
65,48,35,168,Normal
97,10,84,394,Suspicious
64,56,97,543,Suspicious
20,31,73,315,Suspicious
22,79,74,597,Suspicious
43,93,63,534,Suspicious
57,72,25,529,Suspicious
47,16,52,370,Suspicious
2,26,86,505,Suspicious
64,64,65,223,Normal
97,50,74,151,Suspicious
55,65,68,204,Normal
96,62,98,460,Suspicious
36,83,82,320,Suspicious
32,64,85,513,Suspicious
41,45,95,241,Normal
11,80,58,407,Suspicious
50,89,74,132,Suspicious
43,34,91,575,Suspicious
95,76,84,137,Suspicious
67,12,88,72,Normal
59,60,92,297,Normal
53,91,50,311,Suspicious
3,79,71,434,Suspicious
100,44,95,143,Suspicious
73,100,62,396,Suspicious
82,67,37,66,Suspicious
29,44,96,418,Suspicious
58,43,71,419,Suspicious
76,23,20,69,Suspicious
40,67,30,358,Suspicious
8,47,34,513,Suspicious
47,75,34,262,Normal
19,29,39,499,Suspicious
46,39,29,594,Suspicious
79,81,94,382,Suspicious
28,15,22,230,Normal
77,99,55,536,Suspicious
23,19,79,112,Normal
4,32,67,497,Suspicious
77,50,79,399,Suspicious
11,46,49,135,Normal
61,61,65,273,Normal
55,60,59,232,Normal
12,86,42,537,Suspicious
52,29,74,243,Normal
91,55,50,337,Suspicious
37,19,71,107,Normal
87,44,25,157,Suspicious
56,35,82,359,Suspicious
20,43,54,150,Normal
67,31,49,262,Normal
7,43,27,556,Suspicious
11,91,62,436,Suspicious
29,58,39,113,Normal
35,72,49,442,Suspicious
10,26,38,374,Suspicious
17,17,34,407,Suspicious
25,94,39,526,Suspicious
6,67,82,465,Suspicious
66,50,54,399,Suspicious
97,96,42,553,Malware
74,31,26,88,Normal
54,17,54,227,Normal
50,80,73,178,Suspicious
35,23,42,323,Suspicious
100,41,57,126,Suspicious
74,73,100,179,Normal
63,43,94,594,Suspicious
78,88,44,596,Suspicious
21,80,20,281,Suspicious
55,74,47,568,Suspicious
51,25,47,234,Normal
22,61,85,229,Normal
59,39,65,563,Suspicious
60,26,42,143,Normal
45,50,28,92,Normal
15,11,31,153,Normal
54,10,57,174,Normal
11,20,100,170,Normal
14,87,74,115,Suspicious
76,79,60,529,Suspicious
59,57,23,567,Suspicious
61,67,37,585,Suspicious
97,82,89,527,Suspicious
35,60,73,509,Suspicious
35,87,60,258,Suspicious
51,26,54,452,Suspicious
43,81,40,437,Suspicious
59,91,40,538,Suspicious
15,99,97,549,Suspicious
99,39,23,354,Suspicious
43,67,69,223,Normal
38,13,78,201,Normal
29,64,46,597,Suspicious
15,94,53,357,Suspicious
53,57,65,408,Suspicious
14,19,76,136,Normal
98,94,58,304,Suspicious
87,52,84,451,Suspicious
42,29,88,401,Suspicious
19,85,97,526,Suspicious
96,19,83,388,Suspicious
26,10,45,255,Normal
95,90,53,55,Suspicious
73,94,53,139,Suspicious
6,99,42,296,Suspicious
45,53,70,132,Normal
11,23,84,226,Normal
45,97,44,368,Suspicious
26,25,94,192,Normal
95,59,38,61,Suspicious
39,70,82,545,Suspicious
81,49,22,583,Suspicious
85,48,50,56,Suspicious
54,17,79,113,Normal
7,71,47,518,Suspicious
98,80,94,206,Suspicious
36,30,94,205,Normal
77,76,89,569,Suspicious
5,92,37,342,Suspicious
58,60,24,350,Suspicious
27,15,89,497,Suspicious
87,45,31,91,Suspicious
67,94,45,472,Suspicious
67,67,99,406,Suspicious
80,54,75,541,Suspicious
71,21,100,198,Normal
3,88,52,354,Suspicious
43,11,23,53,Normal
91,91,65,463,Malware
73,14,41,544,Suspicious
75,69,82,591,Suspicious
22,47,83,287,Normal
45,65,56,422,Suspicious
22,30,23,65,Normal
83,67,35,176,Suspicious
47,100,93,485,Suspicious
34,97,38,217,Suspicious
61,77,90,555,Suspicious
93,15,75,411,Suspicious
68,66,64,341,Suspicious
100,43,91,544,Suspicious
24,44,97,447,Suspicious
25,76,66,140,Suspicious
61,21,78,449,Suspicious
93,92,88,393,Suspicious
26,18,60,94,Normal
80,36,51,430,Suspicious
8,32,66,105,Normal
93,22,54,218,Suspicious
47,52,67,61,Normal
87,11,64,581,Suspicious
74,11,31,295,Normal
73,100,55,500,Suspicious
51,73,51,239,Normal
37,14,36,57,Normal
47,76,33,353,Suspicious
77,90,49,556,Suspicious
87,75,86,263,Suspicious
77,62,58,301,Suspicious
22,91,71,99,Suspicious
76,33,62,571,Suspicious
40,54,91,362,Suspicious
17,19,70,221,Normal
57,13,82,547,Suspicious
41,88,20,575,Suspicious
88,97,24,547,Suspicious
67,10,66,216,Normal
55,41,41,227,Normal
78,15,30,526,Suspicious
39,33,96,120,Normal
77,76,57,499,Suspicious
26,71,39,401,Suspicious
56,44,81,75,Normal
46,29,67,459,Suspicious
82,34,66,330,Suspicious
50,73,58,218,Normal
18,68,46,180,Normal
11,50,91,541,Suspicious
67,79,64,399,Suspicious
61,18,41,469,Suspicious
88,80,94,342,Suspicious
97,96,27,184,Suspicious
35,33,33,415,Suspicious
4,18,76,516,Suspicious
38,49,61,214,Normal
66,86,43,165,Suspicious
56,54,64,563,Suspicious
83,34,66,94,Suspicious
69,84,52,578,Suspicious
64,23,41,193,Normal
28,30,58,199,Normal
62,30,64,219,Normal
8,75,82,258,Normal
51,10,96,569,Suspicious
29,61,47,357,Suspicious
72,47,31,134,Normal
6,18,49,472,Suspicious
78,53,52,599,Suspicious
49,42,52,199,Normal
56,18,78,407,Suspicious
95,48,34,351,Suspicious
49,60,68,517,Suspicious
85,14,68,400,Suspicious
66,60,30,99,Normal
59,55,59,96,Normal
24,24,66,295,Normal
65,45,60,382,Suspicious
19,42,29,161,Normal
98,40,69,590,Suspicious
99,31,37,120,Suspicious
98,91,32,582,Malware
20,68,83,513,Suspicious
76,53,62,176,Suspicious
15,75,58,530,Suspicious
57,35,37,281,Normal
39,94,41,580,Suspicious
78,71,59,376,Suspicious
87,73,76,336,Suspicious
75,18,66,424,Suspicious
44,79,79,435,Suspicious
94,74,39,476,Suspicious
58,73,52,215,Normal
99,53,40,293,Suspicious
76,87,89,184,Suspicious
97,60,42,239,Suspicious
62,36,63,290,Normal
36,64,21,470,Suspicious
20,20,56,174,Normal
29,54,48,142,Normal
96,55,30,154,Suspicious
40,98,88,199,Suspicious
81,98,29,409,Suspicious
77,48,77,342,Suspicious
24,38,94,282,Normal
71,81,76,103,Suspicious
66,49,58,597,Suspicious
36,94,25,265,Suspicious
55,12,95,422,Suspicious
31,95,24,590,Suspicious
81,87,90,266,Suspicious
38,15,61,498,Suspicious
52,17,49,420,Suspicious
1,90,78,194,Suspicious
10,10,74,517,Suspicious
88,45,89,393,Suspicious
7,45,36,414,Suspicious
27,76,64,243,Suspicious
74,47,30,538,Suspicious
18,27,27,593,Suspicious
22,72,100,221,Normal
82,83,56,509,Suspicious
17,64,59,84,Normal
40,49,59,583,Suspicious
44,26,98,66,Normal
77,95,79,325,Suspicious
36,84,40,486,Suspicious
26,90,49,475,Suspicious
34,78,86,269,Suspicious
37,24,23,290,Normal
83,45,68,322,Suspicious
22,90,52,590,Suspicious
20,81,96,335,Suspicious
73,15,50,94,Normal
72,19,88,439,Suspicious
97,94,100,337,Suspicious
59,72,100,485,Suspicious
94,50,23,262,Suspicious
40,54,96,596,Suspicious
75,23,68,283,Normal
39,37,66,139,Normal
91,78,85,382,Suspicious
89,75,71,143,Suspicious
67,71,84,257,Normal
96,25,92,465,Suspicious
90,53,80,442,Suspicious
58,84,36,499,Suspicious
88,60,43,125,Suspicious
51,77,77,293,Suspicious
85,71,76,69,Suspicious
4,52,57,579,Suspicious
64,44,31,230,Normal
62,19,86,220,Normal
19,27,65,411,Suspicious
44,53,42,435,Suspicious
24,41,50,493,Suspicious
96,30,37,242,Suspicious
1,52,84,99,Normal
70,68,85,505,Suspicious
31,78,63,441,Suspicious
68,57,22,53,Normal
42,72,43,565,Suspicious
90,85,26,541,Suspicious
48,52,36,141,Normal
56,61,83,542,Suspicious
15,92,82,126,Suspicious
89,27,54,190,Suspicious
16,58,89,564,Suspicious
44,12,74,154,Normal
67,74,66,196,Normal
12,18,69,104,Normal
83,76,88,110,Suspicious
51,52,22,291,Normal
60,18,63,444,Suspicious
63,19,76,600,Suspicious
41,75,37,530,Suspicious
83,19,46,349,Suspicious
90,84,77,244,Suspicious
86,86,43,438,Suspicious
25,31,83,311,Suspicious
46,59,73,317,Suspicious
77,29,92,224,Suspicious
92,46,72,446,Suspicious
85,17,49,76,Suspicious
99,51,94,552,Suspicious
30,90,83,505,Suspicious
31,85,30,129,Suspicious
21,19,87,581,Suspicious
45,11,40,363,Suspicious
57,53,57,64,Normal
58,32,57,135,Normal
75,93,92,572,Suspicious
66,94,46,354,Suspicious
59,20,64,365,Suspicious
7,17,72,160,Normal
7,55,80,410,Suspicious
59,99,94,181,Suspicious
98,14,50,359,Suspicious
6,63,76,107,Normal
72,81,94,209,Suspicious
10,70,74,447,Suspicious
35,43,49,158,Normal
92,22,46,354,Suspicious
70,83,56,290,Suspicious
45,69,89,597,Suspicious
17,99,75,245,Suspicious
43,61,92,82,Normal
61,24,67,181,Normal
42,92,32,463,Suspicious
33,20,99,452,Suspicious
13,38,77,270,Normal
1,19,46,263,Normal
82,40,76,310,Suspicious
31,74,98,519,Suspicious
99,62,97,326,Suspicious
88,65,76,83,Suspicious
47,73,79,489,Suspicious
84,68,82,329,Suspicious
26,45,94,122,Normal
26,73,57,214,Normal
80,64,35,294,Suspicious
66,80,64,141,Suspicious
81,62,67,150,Suspicious
19,96,25,229,Suspicious
32,60,68,567,Suspicious
28,75,71,189,Normal
72,37,70,154,Normal
96,83,64,511,Suspicious
13,12,89,156,Normal
99,27,32,203,Suspicious
34,18,42,337,Suspicious
8,49,68,224,Normal
55,85,45,470,Suspicious
82,82,79,137,Suspicious
39,45,45,121,Normal
24,67,60,219,Normal
76,14,36,139,Suspicious
51,70,37,159,Normal
31,64,67,376,Suspicious
41,41,99,120,Normal
91,10,97,133,Suspicious
56,34,60,60,Normal
62,36,63,407,Suspicious
29,19,48,335,Suspicious
98,55,54,230,Suspicious
47,68,35,326,Suspicious
32,58,38,303,Suspicious
13,85,22,233,Suspicious
66,75,51,346,Suspicious
48,98,44,381,Suspicious
62,14,65,65,Normal
32,15,42,230,Normal
76,47,99,581,Suspicious
75,72,76,212,Normal
88,49,42,530,Suspicious
2,67,20,412,Suspicious
83,22,42,213,Suspicious
57,55,43,528,Suspicious
17,94,90,333,Suspicious
53,72,83,348,Suspicious
21,80,59,546,Suspicious
79,74,45,361,Suspicious
7,51,76,563,Suspicious
10,95,87,452,Suspicious
44,23,48,492,Suspicious
42,47,74,279,Normal
42,92,96,332,Suspicious
99,63,51,118,Suspicious
43,52,26,273,Normal
53,19,95,134,Normal
67,49,95,530,Suspicious
76,96,88,106,Suspicious
11,32,20,318,Suspicious
45,19,96,176,Normal
71,73,87,478,Suspicious
16,19,55,598,Suspicious
96,83,98,292,Suspicious
69,48,61,367,Suspicious
25,25,79,507,Suspicious
33,66,65,88,Normal
41,30,94,481,Suspicious
5,46,94,325,Suspicious
51,97,71,395,Suspicious
13,24,36,65,Normal
44,49,21,469,Suspicious
35,43,26,270,Normal
30,66,71,553,Suspicious
63,55,87,90,Normal
28,68,39,504,Suspicious
23,76,31,472,Suspicious
50,82,77,526,Suspicious
10,68,26,286,Normal
28,18,88,564,Suspicious
10,82,83,176,Suspicious
32,34,83,239,Normal
17,89,44,541,Suspicious
48,27,93,515,Suspicious
1,15,94,217,Normal
45,37,88,483,Suspicious
26,40,85,349,Suspicious
29,42,23,566,Suspicious
89,57,45,118,Suspicious
8,100,66,103,Suspicious
38,70,95,214,Normal
64,50,84,360,Suspicious
49,37,50,282,Normal
80,86,49,96,Suspicious
46,99,80,122,Suspicious
26,85,65,130,Suspicious
30,81,48,52,Suspicious
75,97,47,594,Suspicious
2,38,78,222,Normal
98,60,76,116,Suspicious
48,60,28,220,Normal
13,40,39,398,Suspicious
22,28,33,597,Suspicious
83,98,57,296,Suspicious
3,81,20,594,Suspicious
25,51,87,53,Normal
33,80,85,580,Suspicious
10,45,39,259,Normal
47,33,92,414,Suspicious
17,11,81,595,Suspicious
1,68,62,58,Normal
10,12,71,241,Normal
95,63,76,54,Suspicious
18,66,64,131,Normal
54,91,99,272,Suspicious
17,10,54,297,Normal
18,44,35,139,Normal
97,42,27,460,Suspicious
41,54,58,498,Suspicious
1,91,81,556,Suspicious
6,94,98,365,Suspicious
67,79,33,593,Suspicious
88,65,81,378,Suspicious
56,100,86,229,Suspicious
73,39,60,342,Suspicious
89,27,48,566,Suspicious
60,57,83,433,Suspicious
28,62,43,374,Suspicious
85,57,54,155,Suspicious
77,35,100,190,Suspicious
56,73,81,255,Normal
53,37,82,281,Normal
36,63,82,300,Normal
21,45,46,396,Suspicious
53,75,59,127,Normal
9,42,21,51,Normal
13,33,29,169,Normal
14,71,34,489,Suspicious
54,73,56,135,Normal
29,40,80,220,Normal
92,52,28,67,Suspicious
46,57,72,409,Suspicious
49,92,93,224,Suspicious
53,14,92,505,Suspicious
24,41,34,555,Suspicious
41,61,63,430,Suspicious
98,88,78,175,Suspicious
65,82,85,102,Suspicious
26,47,34,590,Suspicious
82,32,45,274,Suspicious
87,42,93,544,Suspicious
87,15,60,194,Suspicious
68,47,52,135,Normal
99,16,45,571,Suspicious
9,84,76,98,Suspicious
11,48,30,364,Suspicious
31,29,82,227,Normal
30,35,93,461,Suspicious
31,30,58,153,Normal
28,97,23,375,Suspicious
31,47,71,593,Suspicious
88,48,69,516,Suspicious
99,21,30,547,Suspicious
70,50,21,519,Suspicious
93,81,41,187,Suspicious
96,21,74,376,Suspicious
50,31,47,473,Suspicious
95,16,71,92,Suspicious
95,12,28,199,Suspicious
5,29,59,52,Normal
23,36,38,98,Normal
92,80,43,403,Suspicious
95,36,26,284,Suspicious
51,47,79,536,Suspicious
77,37,92,495,Suspicious
85,13,20,555,Suspicious
92,24,77,206,Suspicious
51,29,74,137,Normal
63,63,94,335,Suspicious
72,16,30,581,Suspicious
49,66,20,170,Normal
59,10,91,541,Suspicious
70,19,66,573,Suspicious
77,23,31,349,Suspicious
25,79,79,200,Suspicious
29,78,36,534,Suspicious
3,56,54,76,Normal
52,31,42,589,Suspicious
88,27,35,119,Suspicious
71,13,51,256,Normal
20,77,75,130,Suspicious
77,17,22,463,Suspicious
67,99,74,88,Suspicious
20,25,86,117,Normal
33,95,24,360,Suspicious
2,74,37,577,Suspicious
86,100,55,317,Suspicious
44,95,99,348,Suspicious
18,94,38,76,Suspicious
46,46,83,125,Normal
81,65,65,110,Suspicious
75,30,69,496,Suspicious
51,59,71,244,Normal
36,69,74,182,Normal
6,52,88,59,Normal
36,12,98,500,Suspicious
30,98,22,253,Suspicious
79,47,74,59,Suspicious
45,87,92,412,Suspicious
60,26,79,156,Normal
23,42,73,159,Normal
20,46,68,394,Suspicious
62,97,39,381,Suspicious
73,25,37,140,Normal
17,40,77,366,Suspicious
23,89,56,324,Suspicious
98,33,53,509,Suspicious
52,32,37,409,Suspicious
22,68,26,477,Suspicious
68,96,38,307,Suspicious
85,32,52,51,Suspicious
76,10,54,330,Suspicious
32,17,60,274,Normal
59,97,50,204,Suspicious
60,36,62,140,Normal
83,19,85,429,Suspicious
94,89,97,256,Suspicious
73,21,63,70,Normal
10,17,74,172,Normal
52,58,32,218,Normal
21,92,27,160,Suspicious
73,22,54,551,Suspicious
58,70,51,296,Normal
84,57,85,485,Suspicious
52,80,54,465,Suspicious
53,30,89,474,Suspicious
73,95,86,110,Suspicious
46,62,73,593,Suspicious
31,12,30,287,Normal
82,15,52,255,Suspicious
49,58,33,282,Normal
71,65,57,499,Suspicious
79,28,71,184,Suspicious
84,23,83,54,Suspicious
24,49,98,197,Normal
63,48,83,116,Normal
59,68,92,529,Suspicious
90,73,57,428,Suspicious
29,100,74,248,Suspicious
78,73,48,282,Suspicious
97,30,90,473,Suspicious
47,12,26,388,Suspicious
3,90,21,297,Suspicious
59,82,85,320,Suspicious
98,85,88,437,Suspicious
63,49,35,583,Suspicious
10,73,59,333,Suspicious
60,83,61,569,Suspicious
79,69,33,217,Suspicious
5,49,59,456,Suspicious
1,98,68,69,Suspicious
90,48,64,407,Suspicious
68,14,59,575,Suspicious
96,46,35,596,Suspicious
50,98,78,189,Suspicious
76,48,69,159,Suspicious
89,51,29,285,Suspicious
4,14,23,428,Suspicious
48,77,41,134,Suspicious
56,73,61,483,Suspicious
59,20,44,140,Normal
27,10,24,250,Normal
81,98,61,299,Suspicious
44,83,30,596,Suspicious
62,39,40,346,Suspicious
35,29,71,543,Suspicious
34,40,86,404,Suspicious
5,82,61,197,Suspicious
67,82,86,262,Suspicious
60,57,76,245,Normal
72,42,39,343,Suspicious
28,69,53,402,Suspicious
1,75,84,429,Suspicious
56,19,81,330,Suspicious
90,66,32,483,Suspicious
65,39,78,163,Normal
27,70,87,576,Suspicious
56,53,71,335,Suspicious
85,23,69,271,Suspicious
82,94,37,359,Suspicious
70,62,37,386,Suspicious
42,31,52,120,Normal
17,44,80,173,Normal
55,86,88,297,Suspicious
98,77,40,124,Suspicious
70,28,45,534,Suspicious
14,46,55,458,Suspicious
38,99,43,297,Suspicious
24,16,73,346,Suspicious
31,56,60,218,Normal
87,17,97,62,Suspicious
8,73,90,405,Suspicious
14,97,36,501,Suspicious
91,88,57,121,Suspicious
85,18,88,392,Suspicious
42,68,94,407,Suspicious
36,77,55,525,Suspicious
39,57,37,204,Normal
28,71,70,291,Normal
55,72,60,464,Suspicious
50,58,66,565,Suspicious
93,42,63,420,Suspicious
14,47,32,210,Normal
48,35,29,421,Suspicious
95,92,73,286,Suspicious
98,86,53,328,Suspicious
91,97,84,541,Malware
30,90,65,364,Suspicious
29,49,73,213,Normal
54,77,41,354,Suspicious
79,15,46,324,Suspicious
74,75,31,373,Suspicious
23,11,68,600,Suspicious
20,35,20,594,Suspicious
22,49,97,430,Suspicious
53,39,87,168,Normal
24,24,59,493,Suspicious
71,47,55,486,Suspicious
10,38,25,537,Suspicious
78,27,81,198,Suspicious
78,73,97,479,Suspicious
27,13,99,421,Suspicious
78,11,80,237,Suspicious
95,62,27,554,Suspicious
15,61,72,349,Suspicious
100,85,63,414,Suspicious
34,33,22,241,Normal
32,28,58,304,Suspicious
20,71,23,378,Suspicious
42,86,26,314,Suspicious
36,33,71,491,Suspicious
7,72,24,211,Normal
57,86,28,284,Suspicious
99,23,52,482,Suspicious
82,39,44,298,Suspicious
83,95,88,126,Suspicious
76,95,67,121,Suspicious
31,52,29,589,Suspicious
42,56,42,459,Suspicious
41,18,58,542,Suspicious
83,44,87,231,Suspicious
96,38,56,599,Suspicious
68,47,40,478,Suspicious
24,23,65,279,Normal
2,80,33,236,Suspicious
83,47,65,424,Suspicious
82,36,31,535,Suspicious
75,39,39,71,Normal
75,81,99,141,Suspicious
62,34,27,285,Normal
34,97,61,347,Suspicious
18,46,98,345,Suspicious
66,60,96,128,Normal
18,81,36,351,Suspicious
76,76,77,169,Suspicious
44,58,33,573,Suspicious
39,92,37,147,Suspicious
26,92,61,73,Suspicious
100,94,44,287,Suspicious
71,33,55,478,Suspicious
49,80,68,207,Suspicious
66,43,71,151,Normal
21,56,26,500,Suspicious
45,100,23,199,Suspicious
67,75,42,591,Suspicious
94,54,55,235,Suspicious
2,100,91,478,Suspicious
74,56,65,197,Normal
90,68,75,192,Suspicious
9,21,51,93,Normal
34,96,84,467,Suspicious
65,34,49,403,Suspicious
11,83,32,434,Suspicious
15,70,86,84,Normal
33,78,78,472,Suspicious
93,57,96,472,Suspicious
3,41,62,254,Normal
14,96,64,142,Suspicious
55,45,62,422,Suspicious
68,57,22,229,Normal
84,49,41,130,Suspicious
28,94,39,547,Suspicious
5,18,43,239,Normal
47,89,54,475,Suspicious
88,26,30,88,Suspicious
50,52,46,455,Suspicious
65,64,34,582,Suspicious
30,87,89,309,Suspicious
64,96,75,544,Suspicious
66,17,27,444,Suspicious
44,19,55,453,Suspicious
46,36,20,51,Normal
8,27,87,395,Suspicious
97,36,63,514,Suspicious
27,17,40,508,Suspicious
56,88,33,486,Suspicious
23,46,44,234,Normal
76,79,34,227,Suspicious
88,32,32,336,Suspicious
36,15,27,285,Normal
39,42,80,418,Suspicious
20,32,71,381,Suspicious
63,75,27,203,Normal
36,34,38,555,Suspicious
73,78,94,53,Suspicious
7,67,34,239,Normal
17,39,30,67,Normal
79,71,25,53,Suspicious
52,29,23,375,Suspicious
88,81,95,76,Suspicious
23,80,94,98,Suspicious
97,31,28,310,Suspicious
55,89,81,305,Suspicious
61,11,95,454,Suspicious
16,40,47,571,Suspicious
37,70,53,273,Normal
88,47,50,252,Suspicious
14,23,37,398,Suspicious
65,28,59,527,Suspicious
6,60,55,114,Normal
74,51,87,178,Normal
8,12,87,331,Suspicious
6,21,61,451,Suspicious
77,25,30,395,Suspicious
31,85,33,550,Suspicious
39,54,28,412,Suspicious
97,78,37,99,Suspicious
3,95,86,70,Suspicious
5,72,36,159,Normal
24,47,98,101,Normal
75,43,55,188,Normal
19,79,60,191,Suspicious
95,57,28,175,Suspicious
58,74,92,451,Suspicious
50,16,36,170,Normal
87,38,82,525,Suspicious
35,66,29,577,Suspicious
6,62,32,139,Normal
33,90,29,228,Suspicious
6,50,97,52,Normal
25,41,79,421,Suspicious
45,18,34,587,Suspicious
99,100,57,234,Suspicious
77,83,91,296,Suspicious
5,42,78,445,Suspicious
52,36,71,525,Suspicious
2,78,21,541,Suspicious
74,74,22,57,Normal
89,44,50,100,Suspicious
47,13,88,577,Suspicious
100,35,84,515,Suspicious
83,86,100,527,Suspicious
22,14,83,246,Normal
72,24,83,504,Suspicious
12,45,36,537,Suspicious
27,31,71,182,Normal
43,15,24,386,Suspicious
28,75,97,115,Normal
19,98,29,546,Suspicious
4,76,35,557,Suspicious
87,92,53,396,Suspicious
34,98,60,329,Suspicious
52,18,74,287,Normal
37,95,91,415,Suspicious
41,81,72,444,Suspicious
82,16,26,184,Suspicious
33,87,81,391,Suspicious
54,53,95,426,Suspicious
25,41,83,168,Normal
46,14,54,443,Suspicious
76,78,45,269,Suspicious
65,91,88,331,Suspicious
33,19,73,112,Normal
82,13,38,556,Suspicious
58,62,23,543,Suspicious
76,13,64,441,Suspicious
6,92,83,247,Suspicious
71,32,88,328,Suspicious
92,24,75,459,Suspicious
50,18,29,323,Suspicious
91,56,90,345,Suspicious
29,33,45,326,Suspicious
100,31,35,299,Suspicious
16,98,65,572,Suspicious
82,27,54,121,Suspicious
34,38,90,90,Normal
79,72,65,238,Suspicious
87,35,67,155,Suspicious
43,69,65,64,Normal
88,12,39,358,Suspicious
23,41,36,160,Normal
29,55,21,597,Suspicious
90,91,82,286,Suspicious
84,60,23,418,Suspicious
68,19,41,287,Normal
80,23,64,332,Suspicious
21,10,85,514,Suspicious
87,15,69,349,Suspicious
43,97,81,367,Suspicious
67,38,29,69,Normal
15,91,79,78,Suspicious
93,12,69,71,Suspicious
31,69,95,373,Suspicious
28,42,41,447,Suspicious
93,45,64,270,Suspicious
67,29,84,69,Normal
78,77,57,256,Suspicious
28,27,84,497,Suspicious
30,77,39,470,Suspicious
50,27,95,399,Suspicious
30,20,65,191,Normal
9,78,89,470,Suspicious
12,42,76,171,Normal
77,46,45,572,Suspicious
64,17,77,156,Normal
87,86,46,183,Suspicious
3,73,86,508,Suspicious
46,16,31,70,Normal
52,38,73,530,Suspicious
67,22,42,162,Normal
60,23,33,244,Normal
88,91,30,245,Suspicious
47,54,82,161,Normal
43,11,85,254,Normal
64,79,77,477,Suspicious
23,25,34,239,Normal
17,20,100,489,Suspicious
41,97,88,229,Suspicious
27,16,27,238,Normal
52,29,60,398,Suspicious
26,25,91,301,Suspicious
21,77,33,192,Suspicious
93,33,70,369,Suspicious
71,34,56,378,Suspicious
27,47,79,339,Suspicious
55,83,97,104,Suspicious
4,63,63,299,Normal
58,15,36,428,Suspicious
76,15,81,206,Suspicious
67,95,87,135,Suspicious
68,78,94,441,Suspicious
79,14,27,407,Suspicious
90,67,72,414,Suspicious
1,94,75,433,Suspicious
4,78,95,358,Suspicious
93,83,54,321,Suspicious
63,65,56,513,Suspicious
14,30,53,595,Suspicious
30,74,20,360,Suspicious
80,28,56,521,Suspicious
36,89,36,160,Suspicious
12,52,30,540,Suspicious
4,99,24,189,Suspicious
20,35,23,202,Normal
7,10,49,221,Normal
97,89,71,490,Malware
85,42,61,222,Suspicious
79,66,54,102,Suspicious
91,22,37,525,Suspicious
34,32,90,261,Normal
100,95,85,73,Suspicious
69,62,41,386,Suspicious
37,33,54,196,Normal
37,23,98,286,Normal
45,97,77,268,Suspicious
92,57,30,155,Suspicious
73,88,98,449,Suspicious
90,55,73,76,Suspicious
31,33,67,370,Suspicious
14,87,53,182,Suspicious
2,89,67,241,Suspicious
17,25,53,591,Suspicious
82,87,22,341,Suspicious
1,15,35,212,Normal
79,84,69,530,Suspicious
45,43,58,110,Normal
39,19,31,320,Suspicious
51,26,48,152,Normal
46,55,45,132,Normal
35,10,84,570,Suspicious
9,99,55,362,Suspicious
86,95,53,333,Suspicious
22,60,67,463,Suspicious
2,12,47,188,Normal
51,82,64,109,Suspicious
1,51,52,386,Suspicious
99,69,37,443,Suspicious
51,46,45,193,Normal
29,72,28,65,Normal
93,71,71,404,Suspicious
64,15,42,495,Suspicious
25,64,47,80,Normal
13,26,76,293,Normal
54,48,60,136,Normal
45,34,81,345,Suspicious
76,45,34,135,Suspicious
3,41,95,261,Normal
34,93,42,197,Suspicious
81,49,80,201,Suspicious
21,94,44,157,Suspicious
94,17,67,523,Suspicious
78,58,32,199,Suspicious
21,40,61,324,Suspicious
98,82,34,146,Suspicious
95,97,50,309,Suspicious
40,57,75,454,Suspicious
2,41,34,384,Suspicious
98,66,87,147,Suspicious
86,54,79,179,Suspicious
63,65,32,508,Suspicious
25,23,28,381,Suspicious
98,78,99,401,Suspicious
24,97,22,392,Suspicious
87,72,34,535,Suspicious
32,13,95,128,Normal
39,94,71,320,Suspicious
85,82,22,585,Suspicious
13,43,42,80,Normal
65,59,88,561,Suspicious
74,53,33,560,Suspicious
99,56,78,87,Suspicious
27,99,45,288,Suspicious
62,87,97,255,Suspicious
42,94,38,521,Suspicious
88,99,74,106,Suspicious
16,78,44,405,Suspicious
85,37,40,428,Suspicious
55,37,42,590,Suspicious
94,77,67,450,Suspicious
90,36,29,92,Suspicious
97,89,82,67,Suspicious
95,30,46,340,Suspicious
52,94,89,323,Suspicious
100,51,52,184,Suspicious
58,69,20,81,Normal
43,80,74,310,Suspicious
82,35,51,184,Suspicious
9,95,60,239,Suspicious
83,30,60,507,Suspicious
17,91,72,140,Suspicious
21,28,61,329,Suspicious
83,35,80,149,Suspicious
50,93,81,82,Suspicious
65,82,87,55,Suspicious
10,75,60,588,Suspicious
98,93,83,319,Suspicious
79,75,22,591,Suspicious
57,12,98,334,Suspicious
63,28,42,464,Suspicious
23,16,66,139,Normal
14,100,26,558,Suspicious
2,13,28,383,Suspicious
72,90,78,234,Suspicious
30,10,74,60,Normal
75,70,68,372,Suspicious
59,42,25,206,Normal
11,65,92,249,Normal
80,98,42,85,Suspicious
95,40,86,529,Suspicious
87,31,91,156,Suspicious
100,92,94,346,Suspicious
19,47,71,50,Normal
41,51,85,382,Suspicious
59,79,25,284,Suspicious
90,59,69,409,Suspicious
80,65,36,207,Suspicious
1,24,81,381,Suspicious
56,46,81,53,Normal
59,75,36,554,Suspicious
36,64,78,146,Normal
41,38,94,267,Normal
14,35,62,186,Normal
7,55,29,133,Normal
53,48,78,386,Suspicious
27,33,95,375,Suspicious
12,64,50,375,Suspicious
63,64,38,300,Normal
75,52,95,122,Normal
46,16,43,342,Suspicious
34,44,78,264,Normal
63,34,59,305,Suspicious
26,16,86,209,Normal
43,25,93,587,Suspicious
59,59,70,146,Normal
31,21,26,405,Suspicious
9,15,93,216,Normal
36,18,66,181,Normal
50,39,37,401,Suspicious
35,59,96,335,Suspicious
53,99,46,462,Suspicious
43,66,79,76,Normal
33,51,61,563,Suspicious
9,17,28,296,Normal
91,60,69,429,Suspicious
54,59,20,540,Suspicious
24,85,46,257,Suspicious
85,35,22,241,Suspicious
38,49,21,82,Normal
76,35,57,336,Suspicious
92,68,79,235,Suspicious
41,65,36,409,Suspicious
81,48,49,514,Suspicious
12,58,86,383,Suspicious
10,91,42,274,Suspicious
28,68,43,420,Suspicious
20,78,57,246,Suspicious
34,50,89,211,Normal
99,36,54,93,Suspicious
93,59,95,534,Suspicious
88,35,62,597,Suspicious
33,54,42,511,Suspicious
97,31,43,341,Suspicious
95,35,42,361,Suspicious
34,47,65,79,Normal
11,56,22,336,Suspicious
65,74,43,243,Normal
83,83,75,466,Suspicious
44,30,92,175,Normal
1,50,97,330,Suspicious
71,50,46,327,Suspicious
78,73,80,458,Suspicious
58,83,62,464,Suspicious
64,19,64,166,Normal
17,17,60,98,Normal
66,12,79,97,Normal
83,73,20,256,Suspicious
80,90,70,537,Suspicious
99,42,28,338,Suspicious
82,42,77,316,Suspicious
19,60,88,580,Suspicious
74,12,20,515,Suspicious
15,57,38,279,Normal
32,80,31,392,Suspicious
55,52,33,407,Suspicious
29,88,54,479,Suspicious
8,80,62,527,Suspicious
84,95,90,541,Suspicious
80,72,97,84,Suspicious
13,74,39,530,Suspicious
87,41,56,141,Suspicious
21,28,87,278,Normal
35,16,87,253,Normal
52,54,56,522,Suspicious
62,26,77,258,Normal
40,99,58,247,Suspicious
96,40,60,590,Suspicious
41,91,74,139,Suspicious
20,55,33,162,Normal
32,10,25,62,Normal
80,63,50,310,Suspicious
35,62,32,397,Suspicious
42,49,80,135,Normal
26,14,62,281,Normal
73,93,90,89,Suspicious
59,22,70,588,Suspicious
52,66,50,521,Suspicious
35,45,85,197,Normal
13,80,94,418,Suspicious
17,51,78,335,Suspicious
52,54,48,265,Normal
73,73,68,158,Normal
28,33,78,205,Normal
68,84,70,510,Suspicious
3,64,60,295,Normal
11,27,78,579,Suspicious
89,49,78,275,Suspicious
24,11,54,395,Suspicious
11,51,92,56,Normal
76,80,45,520,Suspicious
91,93,21,215,Suspicious
53,55,25,257,Normal
8,35,74,388,Suspicious
11,61,56,239,Normal
87,70,24,460,Suspicious
9,69,62,390,Suspicious
54,58,22,247,Normal
77,88,24,108,Suspicious
64,23,97,433,Suspicious
5,51,37,460,Suspicious
7,52,81,400,Suspicious
54,57,82,426,Suspicious
11,68,36,518,Suspicious
79,32,46,395,Suspicious
63,76,96,153,Suspicious
86,26,61,366,Suspicious
85,40,43,301,Suspicious
52,41,63,136,Normal
33,85,95,449,Suspicious
51,40,68,531,Suspicious
20,74,51,73,Normal
94,68,29,122,Suspicious
48,51,81,426,Suspicious
46,80,80,206,Suspicious
40,25,61,570,Suspicious
89,28,91,403,Suspicious
64,64,21,508,Suspicious
3,15,55,583,Suspicious
83,70,68,502,Suspicious
61,25,67,485,Suspicious
51,33,55,359,Suspicious
65,26,32,209,Normal
9,100,82,201,Suspicious
12,15,79,565,Suspicious
94,94,92,166,Suspicious
81,81,44,463,Suspicious
82,34,54,404,Suspicious
9,56,80,89,Normal
87,83,91,258,Suspicious
33,35,33,248,Normal
20,78,35,575,Suspicious
95,43,29,489,Suspicious
66,63,99,282,Normal
7,18,62,238,Normal
12,63,31,163,Normal
78,81,47,586,Suspicious
36,40,67,434,Suspicious
9,56,70,85,Normal
30,87,40,388,Suspicious
54,31,56,249,Normal
79,70,66,214,Suspicious
54,45,37,441,Suspicious
75,56,24,246,Normal
100,92,51,154,Suspicious
24,65,81,575,Suspicious
63,58,40,375,Suspicious
89,40,82,81,Suspicious
98,63,27,72,Suspicious
14,53,100,457,Suspicious
90,36,26,113,Suspicious
26,24,49,62,Normal
59,40,50,546,Suspicious
60,55,78,91,Normal
21,56,78,75,Normal
11,24,49,435,Suspicious
82,89,82,154,Suspicious
84,11,79,309,Suspicious
82,44,35,326,Suspicious
16,84,59,278,Suspicious
25,81,32,85,Suspicious
17,58,75,167,Normal
76,71,36,526,Suspicious
3,77,84,155,Suspicious
82,78,83,552,Suspicious
45,10,69,374,Suspicious
12,56,26,222,Normal
29,62,35,205,Normal
95,63,37,564,Suspicious
75,17,27,532,Suspicious
45,64,97,501,Suspicious
73,17,62,107,Normal
25,12,100,363,Suspicious
19,18,22,411,Suspicious
43,49,69,57,Normal
44,92,27,216,Suspicious
49,75,24,201,Normal
44,78,36,525,Suspicious
62,57,91,198,Normal
34,69,23,192,Normal
23,51,96,209,Normal
9,55,41,257,Normal
80,60,24,368,Suspicious
74,57,58,99,Normal
48,90,85,59,Suspicious
93,38,35,462,Suspicious
58,58,46,237,Normal
37,86,37,381,Suspicious
41,17,96,485,Suspicious
63,81,81,432,Suspicious
30,82,39,407,Suspicious
22,22,68,443,Suspicious
87,74,68,137,Suspicious
73,76,100,314,Suspicious
33,72,64,258,Normal
1,31,51,275,Normal
59,73,67,286,Normal
82,20,47,89,Suspicious
15,58,54,590,Suspicious
50,67,73,103,Normal
70,70,68,457,Suspicious
34,60,31,199,Normal
53,55,25,193,Normal
47,12,94,192,Normal
10,24,96,50,Normal
10,69,87,380,Suspicious
80,46,99,232,Suspicious
7,65,53,75,Normal
35,59,92,529,Suspicious
59,52,95,428,Suspicious
23,67,73,144,Normal
94,85,48,388,Suspicious
47,99,64,158,Suspicious
18,96,45,259,Suspicious
42,26,82,489,Suspicious
62,92,20,486,Suspicious
40,13,98,458,Suspicious
53,94,73,197,Suspicious
47,50,24,561,Suspicious
22,50,82,143,Normal
5,48,76,369,Suspicious
7,60,40,323,Suspicious
97,98,48,112,Suspicious
59,81,59,363,Suspicious
58,12,53,510,Suspicious
60,83,37,349,Suspicious
6,35,44,94,Normal
20,59,61,259,Normal
31,75,63,246,Normal
95,93,40,454,Malware
62,10,79,542,Suspicious
63,25,49,267,Normal
10,21,30,299,Normal
95,47,35,50,Suspicious
65,99,40,112,Suspicious
67,35,58,285,Normal
50,71,67,181,Normal
90,96,72,89,Suspicious
38,50,38,130,Normal
62,69,25,100,Normal
79,93,69,235,Suspicious
60,60,92,375,Suspicious
87,61,87,319,Suspicious
63,83,84,70,Suspicious
99,41,60,148,Suspicious
48,65,100,168,Normal
19,78,88,180,Suspicious
93,38,58,310,Suspicious
24,96,35,429,Suspicious
28,99,20,134,Suspicious
42,37,76,227,Normal
29,74,47,557,Suspicious
93,40,29,102,Suspicious
98,16,92,268,Suspicious
14,37,100,88,Normal
34,98,95,334,Suspicious
99,43,53,575,Suspicious
64,88,39,539,Suspicious
22,37,75,326,Suspicious
14,57,81,264,Normal
55,16,88,443,Suspicious
65,60,89,60,Normal
71,93,20,232,Suspicious
15,32,26,76,Normal
77,24,61,144,Suspicious
53,71,62,593,Suspicious
75,16,65,334,Suspicious
17,24,70,567,Suspicious
68,56,27,378,Suspicious
43,96,41,462,Suspicious
100,78,58,213,Suspicious
30,51,61,583,Suspicious
63,97,91,586,Suspicious
83,93,75,312,Suspicious
24,42,31,129,Normal
42,67,25,320,Suspicious
5,37,30,517,Suspicious
95,96,25,291,Suspicious
7,44,74,362,Suspicious
85,37,36,55,Suspicious
88,25,84,545,Suspicious
17,38,94,316,Suspicious
62,69,62,191,Normal
73,82,96,117,Suspicious
34,71,36,306,Suspicious
75,31,41,514,Suspicious
32,98,51,495,Suspicious
88,19,85,429,Suspicious
30,74,20,100,Normal
98,50,43,425,Suspicious
51,78,85,354,Suspicious
93,46,84,150,Suspicious
50,83,48,288,Suspicious
79,94,49,516,Suspicious
89,56,37,202,Suspicious
81,39,88,529,Suspicious
78,50,45,431,Suspicious
18,97,96,380,Suspicious
2,12,52,271,Normal
5,67,46,264,Normal
7,47,34,216,Normal
43,17,36,418,Suspicious
6,67,25,104,Normal
58,56,45,59,Normal
32,54,65,537,Suspicious
31,41,53,513,Suspicious
49,78,51,527,Suspicious
10,26,82,360,Suspicious
43,96,53,590,Suspicious
7,77,93,189,Suspicious
76,26,90,169,Suspicious
69,16,63,128,Normal
40,20,42,159,Normal
84,45,77,403,Suspicious
20,28,68,142,Normal
42,53,77,279,Normal
70,77,26,358,Suspicious
49,59,68,445,Suspicious
82,66,58,340,Suspicious
81,90,73,152,Suspicious
31,14,71,68,Normal
69,75,87,59,Normal
7,99,49,356,Suspicious
23,68,75,228,Normal
47,48,54,307,Suspicious
63,13,61,498,Suspicious
15,17,75,197,Normal
73,100,85,272,Suspicious
43,32,90,438,Suspicious
24,46,67,489,Suspicious
34,72,45,172,Normal
9,43,34,71,Normal
55,94,77,453,Suspicious
55,30,96,99,Normal
24,42,39,339,Suspicious
41,45,66,426,Suspicious
49,89,36,361,Suspicious
76,42,91,83,Suspicious
85,41,46,166,Suspicious
49,66,57,308,Suspicious
11,34,43,185,Normal
58,81,64,555,Suspicious
57,72,24,95,Normal
18,34,90,210,Normal
25,57,29,416,Suspicious
8,41,46,305,Suspicious
73,66,93,583,Suspicious
80,88,58,478,Suspicious
58,55,76,144,Normal
29,82,57,324,Suspicious
87,84,30,98,Suspicious
53,31,42,224,Normal
9,90,86,129,Suspicious
83,86,59,177,Suspicious
48,96,100,574,Suspicious
1,37,58,318,Suspicious
38,84,86,154,Suspicious
18,10,54,154,Normal
72,45,42,573,Suspicious
8,96,73,173,Suspicious
1,99,24,220,Suspicious
74,45,26,459,Suspicious
95,66,32,548,Suspicious
42,26,27,176,Normal
36,44,42,125,Normal
81,23,64,233,Suspicious
82,29,84,227,Suspicious
56,86,28,64,Suspicious
6,90,21,350,Suspicious
51,38,91,479,Suspicious
40,76,71,293,Suspicious
54,32,100,371,Suspicious
83,50,38,54,Suspicious
79,99,73,176,Suspicious
36,46,38,179,Normal
71,97,80,491,Suspicious
24,68,29,101,Normal
25,98,74,341,Suspicious
88,86,32,167,Suspicious
64,60,36,163,Normal
70,88,23,252,Suspicious
84,61,23,214,Suspicious
73,31,83,465,Suspicious
18,84,87,94,Suspicious
38,38,73,262,Normal
31,69,91,249,Normal
80,12,35,457,Suspicious
9,51,62,525,Suspicious
26,40,49,459,Suspicious
76,86,85,355,Suspicious
98,59,24,68,Suspicious
84,11,80,262,Suspicious
13,99,29,257,Suspicious
15,100,64,493,Suspicious
20,30,37,394,Suspicious
32,94,20,363,Suspicious
16,86,32,355,Suspicious
59,93,50,284,Suspicious
58,80,55,145,Suspicious
78,37,92,589,Suspicious
44,74,65,451,Suspicious
15,78,96,280,Suspicious
35,44,66,440,Suspicious
8,30,28,106,Normal
42,63,86,532,Suspicious
100,33,30,484,Suspicious
20,90,25,180,Suspicious
76,36,60,355,Suspicious
59,17,86,359,Suspicious
65,71,56,348,Suspicious
11,87,96,538,Suspicious
37,42,55,90,Normal
24,54,24,137,Normal
84,11,58,429,Suspicious
87,24,91,72,Suspicious
92,23,63,122,Suspicious
73,22,41,129,Normal
72,56,64,65,Normal
85,78,98,446,Suspicious
76,42,83,196,Suspicious
93,88,100,50,Suspicious
79,23,86,418,Suspicious
35,77,70,331,Suspicious
48,21,85,421,Suspicious
81,62,30,544,Suspicious
44,60,70,535,Suspicious
93,71,72,236,Suspicious
32,41,81,298,Normal
71,96,34,205,Suspicious
27,79,93,317,Suspicious
24,60,68,150,Normal
62,15,47,516,Suspicious
92,72,67,241,Suspicious
41,11,26,310,Suspicious
33,96,27,369,Suspicious
47,63,62,561,Suspicious
44,23,31,248,Normal
32,30,96,535,Suspicious
38,88,84,468,Suspicious
6,22,26,559,Suspicious
67,93,35,420,Suspicious
94,53,46,509,Suspicious
47,95,48,168,Suspicious
89,65,26,397,Suspicious
4,99,20,449,Suspicious
49,99,77,424,Suspicious
57,52,74,307,Suspicious
65,71,27,413,Suspicious
32,55,22,555,Suspicious
69,95,83,383,Suspicious
22,84,68,162,Suspicious
81,42,87,343,Suspicious
32,10,80,458,Suspicious
4,18,28,537,Suspicious
50,61,84,347,Suspicious
80,60,48,499,Suspicious
81,28,80,493,Suspicious
14,57,82,453,Suspicious
96,79,41,470,Suspicious
4,53,29,457,Suspicious
74,34,48,327,Suspicious
95,87,45,491,Malware
89,84,90,58,Suspicious
57,99,44,562,Suspicious
71,83,56,112,Suspicious
22,98,96,55,Suspicious
30,71,45,346,Suspicious
39,44,22,506,Suspicious
19,17,70,122,Normal
18,42,62,412,Suspicious
61,69,40,404,Suspicious
73,38,56,529,Suspicious
97,48,46,372,Suspicious
91,81,72,233,Suspicious
37,100,83,285,Suspicious
89,63,34,234,Suspicious
22,31,29,533,Suspicious
37,44,91,196,Normal
11,48,82,278,Normal
67,82,27,530,Suspicious
61,27,83,512,Suspicious
64,45,59,371,Suspicious
67,69,92,156,Normal
14,76,41,552,Suspicious
44,30,66,448,Suspicious
69,44,53,372,Suspicious
61,20,99,549,Suspicious
21,52,59,131,Normal
23,90,52,138,Suspicious
37,38,29,467,Suspicious
94,41,72,455,Suspicious
89,47,88,261,Suspicious
67,67,80,474,Suspicious
16,44,99,570,Suspicious
48,95,31,454,Suspicious
81,33,55,56,Suspicious
87,77,45,478,Suspicious
61,42,23,272,Normal
61,58,24,251,Normal
100,31,67,322,Suspicious
39,52,85,438,Suspicious
3,47,20,457,Suspicious
49,69,92,357,Suspicious
67,54,59,170,Normal
65,72,41,62,Normal
68,56,73,72,Normal
53,72,79,65,Normal
94,91,33,253,Suspicious
41,24,38,339,Suspicious
10,31,52,518,Suspicious
46,92,72,266,Suspicious
78,50,28,370,Suspicious
68,21,64,579,Suspicious
71,95,76,477,Suspicious
92,51,90,572,Suspicious
31,40,42,482,Suspicious
56,88,49,117,Suspicious
97,83,51,183,Suspicious
21,37,94,109,Normal
15,77,97,519,Suspicious
8,17,20,138,Normal
87,90,51,393,Suspicious
8,44,27,69,Normal
33,30,34,369,Suspicious
34,13,77,103,Normal
72,40,73,266,Normal
43,71,24,537,Suspicious
13,99,28,313,Suspicious
89,13,83,495,Suspicious
61,97,63,402,Suspicious
72,32,63,88,Normal
33,37,94,387,Suspicious
65,86,59,467,Suspicious
45,15,95,52,Normal
92,10,85,491,Suspicious
57,70,90,192,Normal
20,34,58,389,Suspicious
42,69,80,61,Normal
37,86,74,447,Suspicious
66,64,91,313,Suspicious
33,89,98,443,Suspicious
66,11,97,189,Normal
67,78,68,193,Suspicious
55,23,88,482,Suspicious
29,90,45,121,Suspicious
78,83,82,435,Suspicious
88,80,25,301,Suspicious
25,33,76,122,Normal
98,28,26,527,Suspicious
70,24,48,224,Normal
26,74,99,425,Suspicious
2,25,36,509,Suspicious
92,43,85,475,Suspicious
16,67,66,542,Suspicious
8,89,84,244,Suspicious
7,15,78,98,Normal
31,83,29,515,Suspicious
8,32,56,181,Normal
15,53,54,155,Normal
27,59,96,281,Normal
83,54,95,152,Suspicious
76,91,73,64,Suspicious
16,19,93,593,Suspicious
100,68,82,244,Suspicious
97,11,73,367,Suspicious
44,13,37,598,Suspicious
46,44,48,450,Suspicious
13,64,86,53,Normal
12,51,91,550,Suspicious
9,41,82,365,Suspicious
80,99,58,565,Suspicious
59,38,75,530,Suspicious
27,56,54,425,Suspicious
98,81,63,547,Suspicious
34,40,47,296,Normal
97,91,49,590,Malware
63,91,76,112,Suspicious
62,69,75,481,Suspicious
88,11,100,257,Suspicious
99,96,90,311,Suspicious
38,55,48,303,Suspicious
45,71,87,115,Normal
28,43,96,79,Normal
100,81,65,396,Suspicious
86,98,89,258,Suspicious
22,82,90,154,Suspicious
44,76,87,364,Suspicious
64,91,88,276,Suspicious
7,25,46,383,Suspicious
38,22,20,330,Suspicious
8,89,81,572,Suspicious
17,35,31,121,Normal
5,22,42,273,Normal
64,30,29,347,Suspicious
82,77,28,419,Suspicious
47,20,45,162,Normal
95,27,74,486,Suspicious
87,20,36,325,Suspicious
100,23,90,518,Suspicious
68,52,44,507,Suspicious
45,33,92,328,Suspicious
84,94,35,513,Suspicious
76,16,56,481,Suspicious
27,11,100,288,Normal
88,96,80,587,Suspicious
42,84,68,215,Suspicious
58,90,77,56,Suspicious
34,17,50,543,Suspicious
93,61,29,223,Suspicious
56,54,83,202,Normal
10,69,36,312,Suspicious
71,83,51,494,Suspicious
21,27,83,166,Normal
51,25,21,488,Suspicious
32,42,36,577,Suspicious
64,75,76,201,Normal
64,44,59,54,Normal
38,83,21,336,Suspicious
49,62,76,456,Suspicious
83,90,79,131,Suspicious
93,48,28,220,Suspicious
63,21,74,582,Suspicious
44,27,52,463,Suspicious
90,19,96,216,Suspicious
56,40,38,464,Suspicious
7,79,59,544,Suspicious
89,22,77,68,Suspicious
44,29,87,472,Suspicious
46,84,31,277,Suspicious
86,41,67,312,Suspicious
23,30,43,304,Suspicious
94,15,28,521,Suspicious
16,24,77,286,Normal
6,80,99,551,Suspicious
50,85,69,364,Suspicious
46,90,90,127,Suspicious
23,82,93,166,Suspicious
30,45,67,599,Suspicious
7,99,20,171,Suspicious
72,49,87,562,Suspicious
93,94,69,393,Suspicious
9,91,46,363,Suspicious
83,79,59,568,Suspicious
44,44,39,449,Suspicious
89,62,94,205,Suspicious
69,11,73,235,Normal
70,41,51,277,Normal
89,84,31,553,Suspicious
51,27,90,557,Suspicious
70,71,63,221,Normal
17,64,21,336,Suspicious
92,26,63,159,Suspicious
60,21,73,375,Suspicious
53,72,71,71,Normal
46,50,91,76,Normal
19,23,87,404,Suspicious
56,46,44,362,Suspicious
44,11,45,449,Suspicious
79,70,27,449,Suspicious
76,27,26,158,Suspicious
79,21,43,529,Suspicious
20,25,23,93,Normal
75,31,83,485,Suspicious
48,42,32,546,Suspicious
26,18,68,568,Suspicious
33,37,71,74,Normal
46,26,68,196,Normal
17,23,50,133,Normal
55,72,82,58,Normal
90,68,49,221,Suspicious
36,23,90,526,Suspicious
26,55,63,373,Suspicious
15,61,33,232,Normal
88,92,21,347,Suspicious
62,74,93,192,Normal
69,57,58,594,Suspicious
3,92,58,338,Suspicious
45,69,79,553,Suspicious
75,92,62,411,Suspicious
86,50,48,391,Suspicious
86,34,35,512,Suspicious
84,47,46,219,Suspicious
100,92,45,373,Suspicious
25,67,100,477,Suspicious
26,27,52,582,Suspicious
92,49,99,423,Suspicious
9,21,99,238,Normal
76,70,40,290,Suspicious
74,63,29,246,Normal
80,23,61,465,Suspicious
6,94,97,246,Suspicious
3,71,75,65,Normal
10,51,96,573,Suspicious
70,14,58,512,Suspicious
71,79,25,156,Suspicious
20,28,78,60,Normal
96,33,34,327,Suspicious
38,22,53,466,Suspicious
88,50,50,436,Suspicious
77,56,40,409,Suspicious
96,31,48,513,Suspicious
26,18,96,200,Normal
41,99,63,500,Suspicious
77,85,52,174,Suspicious
29,37,73,597,Suspicious
25,96,95,398,Suspicious
10,44,81,588,Suspicious
66,12,49,151,Normal
69,66,61,373,Suspicious
61,49,95,91,Normal
93,17,60,71,Suspicious
38,88,65,260,Suspicious
63,36,20,296,Normal
24,52,78,101,Normal
84,64,54,57,Suspicious
46,27,65,496,Suspicious
86,13,76,317,Suspicious
87,89,64,551,Suspicious
83,32,74,569,Suspicious
54,86,92,218,Suspicious
53,26,63,102,Normal
55,17,77,391,Suspicious
58,12,48,216,Normal
46,95,85,433,Suspicious
18,38,45,317,Suspicious
40,45,76,434,Suspicious
89,66,61,298,Suspicious
80,74,85,341,Suspicious
1,25,28,208,Normal
62,92,85,563,Suspicious
51,67,37,215,Normal
77,95,70,499,Suspicious
9,96,59,468,Suspicious
64,28,71,93,Normal
22,14,62,334,Suspicious
85,12,26,364,Suspicious
14,15,32,348,Suspicious
45,61,87,548,Suspicious
18,48,34,94,Normal
35,32,22,128,Normal
87,24,63,276,Suspicious
34,19,63,412,Suspicious
89,74,67,219,Suspicious
59,12,43,88,Normal
41,11,36,200,Normal
51,19,32,307,Suspicious
82,41,23,291,Suspicious
67,82,35,243,Suspicious
97,43,40,142,Suspicious
14,17,93,552,Suspicious
69,24,32,359,Suspicious
87,32,38,249,Suspicious
10,35,46,359,Suspicious
27,31,24,286,Normal
69,38,93,489,Suspicious
73,25,42,579,Suspicious
74,48,41,289,Normal
58,74,55,189,Normal
89,93,49,519,Suspicious
63,39,20,224,Normal
100,100,67,468,Malware
78,90,69,377,Suspicious
33,100,91,373,Suspicious
96,20,32,384,Suspicious
88,20,39,145,Suspicious
22,38,72,361,Suspicious
6,71,48,223,Normal
6,66,99,549,Suspicious
1,75,58,512,Suspicious
19,24,45,539,Suspicious
8,51,66,226,Normal
22,58,74,303,Suspicious
94,29,84,522,Suspicious
92,34,86,270,Suspicious
98,82,24,294,Suspicious
67,74,95,464,Suspicious
79,25,60,499,Suspicious
81,95,48,486,Suspicious
15,64,61,424,Suspicious
25,33,42,100,Normal
59,68,29,398,Suspicious
76,33,71,100,Suspicious
40,31,64,464,Suspicious
88,17,61,81,Suspicious
25,27,23,436,Suspicious
50,84,98,216,Suspicious
51,87,89,105,Suspicious
26,10,96,494,Suspicious
12,39,77,56,Normal
26,77,77,461,Suspicious
40,61,94,586,Suspicious
98,32,30,195,Suspicious
48,49,39,495,Suspicious
94,45,91,381,Suspicious
74,82,52,490,Suspicious
37,78,77,428,Suspicious
91,23,67,497,Suspicious
71,71,46,185,Normal
58,10,24,535,Suspicious
2,10,35,201,Normal
49,72,46,110,Normal
60,61,77,117,Normal
75,37,30,353,Suspicious
33,42,92,326,Suspicious
29,84,57,589,Suspicious
2,67,88,462,Suspicious
2,82,97,548,Suspicious
94,52,54,282,Suspicious
69,99,53,64,Suspicious
60,11,92,588,Suspicious
8,71,85,251,Normal
96,45,62,107,Suspicious
24,41,31,96,Normal
88,48,41,398,Suspicious
47,22,40,97,Normal
82,46,32,375,Suspicious
23,89,84,209,Suspicious
62,11,88,569,Suspicious
3,77,70,472,Suspicious
39,17,76,244,Normal
99,100,93,378,Suspicious
92,55,60,578,Suspicious
20,84,37,139,Suspicious
47,86,90,322,Suspicious
80,56,25,403,Suspicious
88,46,60,490,Suspicious
51,51,78,245,Normal
13,76,69,509,Suspicious
43,37,84,441,Suspicious
93,99,50,428,Suspicious
76,37,29,511,Suspicious
86,41,80,108,Suspicious
30,46,51,351,Suspicious
3,44,65,578,Suspicious
66,28,71,388,Suspicious
99,22,98,494,Suspicious
47,89,27,70,Suspicious
93,61,32,550,Suspicious
90,41,88,151,Suspicious
70,84,46,485,Suspicious
31,96,97,338,Suspicious
70,74,96,590,Suspicious
48,41,26,178,Normal
59,40,45,75,Normal
26,93,59,580,Suspicious
77,98,28,54,Suspicious
48,97,39,76,Suspicious
67,57,30,569,Suspicious
19,93,81,584,Suspicious
93,40,57,586,Suspicious
10,25,66,160,Normal
43,20,42,93,Normal
59,24,88,380,Suspicious
6,64,54,180,Normal
6,19,60,156,Normal
91,72,82,110,Suspicious
55,11,26,384,Suspicious
48,53,36,442,Suspicious
2,92,43,415,Suspicious
30,48,24,262,Normal
44,49,48,234,Normal
78,66,43,380,Suspicious
53,29,90,352,Suspicious
70,65,77,182,Normal
56,72,77,427,Suspicious
90,45,74,521,Suspicious
78,47,32,107,Suspicious
54,31,33,361,Suspicious
9,94,78,375,Suspicious
54,28,79,92,Normal
50,96,32,56,Suspicious
97,27,49,523,Suspicious
18,12,54,264,Normal
81,59,92,417,Suspicious
39,38,54,588,Suspicious
67,57,37,532,Suspicious
90,95,89,98,Suspicious
51,56,85,157,Normal
29,25,26,521,Suspicious
31,73,92,157,Normal
62,58,93,248,Normal
91,87,63,219,Suspicious
22,12,25,589,Suspicious
98,37,27,136,Suspicious
46,16,58,486,Suspicious
36,41,66,219,Normal
2,86,65,479,Suspicious
92,13,29,427,Suspicious
48,94,59,190,Suspicious
83,45,75,467,Suspicious
73,16,54,207,Normal
20,27,94,462,Suspicious
7,63,76,406,Suspicious
96,57,99,436,Suspicious
44,98,64,522,Suspicious
83,78,99,192,Suspicious
56,24,81,80,Normal
40,95,79,402,Suspicious
20,41,93,239,Normal
59,12,36,544,Suspicious
18,56,95,359,Suspicious
55,49,84,537,Suspicious
52,24,36,297,Normal
67,44,70,297,Normal
58,52,55,347,Suspicious
38,85,54,415,Suspicious
83,38,75,52,Suspicious
68,91,99,584,Suspicious
32,24,29,263,Normal
52,15,31,506,Suspicious
43,56,46,435,Suspicious
84,94,82,111,Suspicious
71,24,48,579,Suspicious
90,10,45,143,Suspicious
12,83,99,104,Suspicious
84,49,57,359,Suspicious
60,11,67,435,Suspicious
87,94,88,523,Suspicious
24,52,20,335,Suspicious
31,70,95,141,Normal
90,81,95,407,Suspicious
19,64,84,235,Normal
8,80,49,251,Suspicious
83,74,95,257,Suspicious
19,12,80,451,Suspicious
94,18,100,327,Suspicious
75,74,52,96,Normal
29,44,38,264,Normal
66,66,80,523,Suspicious
54,55,91,589,Suspicious
41,72,53,545,Suspicious
40,67,66,103,Normal
8,76,34,257,Suspicious
33,45,92,354,Suspicious
87,19,65,130,Suspicious
64,97,55,536,Suspicious
36,54,28,237,Normal
15,12,82,211,Normal
21,33,90,403,Suspicious
35,60,45,308,Suspicious
100,37,23,419,Suspicious
84,27,99,416,Suspicious
52,79,68,195,Suspicious
23,83,39,377,Suspicious
11,98,27,326,Suspicious
77,26,48,537,Suspicious
30,55,87,545,Suspicious
76,62,87,99,Suspicious
37,34,93,379,Suspicious
21,90,96,447,Suspicious
17,82,38,140,Suspicious
29,77,62,358,Suspicious
86,89,60,169,Suspicious
23,53,80,473,Suspicious
85,59,57,441,Suspicious
12,46,88,107,Normal
51,77,28,409,Suspicious
70,38,51,370,Suspicious
60,74,94,91,Normal
58,91,79,330,Suspicious
75,58,61,246,Normal
44,74,82,346,Suspicious
12,68,45,492,Suspicious
70,94,53,82,Suspicious
33,64,67,506,Suspicious
63,26,90,281,Normal
97,45,31,98,Suspicious
51,87,32,319,Suspicious
2,70,59,514,Suspicious
35,16,42,338,Suspicious
58,22,21,180,Normal
97,83,81,431,Suspicious
78,83,65,354,Suspicious
56,41,97,429,Suspicious
73,54,72,267,Normal
93,49,31,168,Suspicious
41,70,32,278,Normal
39,14,67,411,Suspicious
96,79,30,525,Suspicious
71,79,20,250,Suspicious
84,64,52,405,Suspicious
30,94,26,527,Suspicious
23,42,99,593,Suspicious
88,58,44,588,Suspicious
17,73,76,458,Suspicious
97,64,30,152,Suspicious
97,41,45,411,Suspicious
7,68,76,594,Suspicious
7,32,99,384,Suspicious
34,94,62,483,Suspicious
24,70,70,436,Suspicious
79,85,91,597,Suspicious
65,25,26,443,Suspicious
1,43,79,368,Suspicious
12,96,90,595,Suspicious
60,54,40,343,Suspicious
81,80,43,89,Suspicious
64,78,35,511,Suspicious
2,73,99,164,Normal
34,73,47,189,Normal
36,92,46,84,Suspicious
60,20,30,179,Normal
45,84,38,334,Suspicious
4,12,83,74,Normal
88,76,87,116,Suspicious
84,33,61,97,Suspicious
9,28,58,212,Normal
25,73,73,556,Suspicious
68,73,51,359,Suspicious
6,16,84,491,Suspicious
39,19,76,366,Suspicious
83,11,55,399,Suspicious
23,75,61,257,Normal
85,21,24,220,Suspicious
73,66,56,228,Normal
70,54,43,338,Suspicious
67,19,55,340,Suspicious
39,58,77,438,Suspicious
57,81,69,209,Suspicious
13,32,54,439,Suspicious
56,13,51,520,Suspicious
39,67,75,417,Suspicious
95,28,25,472,Suspicious
88,86,46,564,Suspicious
94,55,30,390,Suspicious
15,17,25,287,Normal
74,85,55,120,Suspicious
57,97,76,461,Suspicious
40,15,48,440,Suspicious
85,69,38,440,Suspicious
11,60,91,95,Normal
6,59,32,77,Normal
62,63,87,257,Normal
52,77,32,345,Suspicious
3,61,98,191,Normal
5,48,98,133,Normal
60,41,60,363,Suspicious
30,57,26,236,Normal
83,33,83,235,Suspicious
20,14,27,317,Suspicious
39,79,76,518,Suspicious
90,19,70,403,Suspicious
56,54,24,480,Suspicious
52,94,94,340,Suspicious
89,81,71,118,Suspicious
32,91,53,537,Suspicious
59,80,35,306,Suspicious
12,46,41,352,Suspicious
82,59,46,390,Suspicious
71,49,61,551,Suspicious
60,38,30,302,Suspicious
36,54,95,430,Suspicious
24,26,23,257,Normal
52,30,32,143,Normal
52,12,83,321,Suspicious
4,15,98,355,Suspicious
10,41,28,129,Normal
35,13,36,123,Normal
20,63,57,150,Normal
94,99,53,148,Suspicious
98,54,83,52,Suspicious
69,29,72,547,Suspicious
12,24,21,112,Normal
82,50,100,390,Suspicious
29,70,38,369,Suspicious
54,61,80,436,Suspicious
92,17,76,456,Suspicious
82,74,28,461,Suspicious
23,33,85,494,Suspicious
12,81,46,207,Suspicious
45,69,96,103,Normal
66,28,52,160,Normal
58,96,44,546,Suspicious
6,18,44,514,Suspicious
93,55,86,567,Suspicious
69,56,54,193,Normal
5,57,82,495,Suspicious
24,44,78,532,Suspicious
18,35,65,198,Normal
62,57,67,120,Normal
38,44,51,264,Normal
7,10,44,127,Normal
65,95,70,205,Suspicious
19,99,70,447,Suspicious
81,26,97,267,Suspicious
89,15,69,373,Suspicious
5,34,82,120,Normal
54,51,53,329,Suspicious
10,79,91,149,Suspicious
20,12,77,210,Normal
5,97,100,325,Suspicious
38,11,72,112,Normal
57,39,45,140,Normal
63,68,72,397,Suspicious
88,81,86,600,Suspicious
96,18,47,157,Suspicious
38,91,78,369,Suspicious
23,11,41,318,Suspicious
49,20,26,327,Suspicious
80,94,62,421,Suspicious
49,91,82,542,Suspicious
82,31,50,303,Suspicious
9,34,31,316,Suspicious
94,82,66,585,Suspicious
13,26,33,307,Suspicious
91,89,100,244,Suspicious
23,57,38,260,Normal
30,28,89,157,Normal
92,46,38,537,Suspicious
57,23,59,510,Suspicious
98,53,73,566,Suspicious
68,11,82,155,Normal
64,29,70,52,Normal
35,52,98,586,Suspicious
56,42,89,274,Normal
2,31,72,364,Suspicious
30,78,86,547,Suspicious
75,20,85,559,Suspicious
63,53,72,321,Suspicious
2,91,27,286,Suspicious
68,91,31,380,Suspicious
92,22,79,597,Suspicious
80,40,28,133,Suspicious
63,35,59,455,Suspicious
42,75,60,363,Suspicious
86,52,31,561,Suspicious
8,49,29,553,Suspicious
78,29,41,200,Suspicious
70,59,51,583,Suspicious
35,62,27,578,Suspicious
31,43,49,228,Normal
10,37,86,432,Suspicious
4,18,37,382,Suspicious
48,88,89,129,Suspicious
85,76,53,596,Suspicious
75,46,89,282,Normal
55,40,81,68,Normal
4,96,26,145,Suspicious
45,75,99,331,Suspicious
98,32,35,158,Suspicious
37,91,97,512,Suspicious
23,28,75,455,Suspicious
52,30,92,313,Suspicious
65,40,76,256,Normal
97,70,49,384,Suspicious
75,86,92,447,Suspicious
57,58,64,198,Normal
9,65,55,514,Suspicious
53,93,94,405,Suspicious
92,15,69,377,Suspicious
88,38,20,176,Suspicious
46,53,33,434,Suspicious
84,72,77,233,Suspicious
96,82,20,579,Suspicious
97,92,92,301,Suspicious
43,76,96,323,Suspicious
100,92,94,544,Malware
3,57,62,485,Suspicious
92,48,99,523,Suspicious
40,74,92,76,Normal
27,55,52,57,Normal
84,18,39,512,Suspicious
1,65,49,452,Suspicious
21,30,63,497,Suspicious
75,98,52,506,Suspicious
55,99,40,123,Suspicious
6,45,99,96,Normal
8,33,91,116,Normal
97,63,87,104,Suspicious
59,55,64,93,Normal
60,32,24,248,Normal
71,26,40,395,Suspicious
44,81,78,154,Suspicious
23,75,97,55,Normal
48,82,94,63,Suspicious
59,89,93,559,Suspicious
77,17,85,372,Suspicious
49,90,89,556,Suspicious
59,75,74,592,Suspicious
97,99,69,245,Suspicious
63,37,98,201,Normal
27,74,59,357,Suspicious
51,45,58,380,Suspicious
41,67,60,483,Suspicious
2,21,45,457,Suspicious
32,39,61,181,Normal
5,92,81,346,Suspicious
85,14,36,529,Suspicious
46,64,72,164,Normal
60,90,88,535,Suspicious
77,87,29,445,Suspicious
80,17,95,198,Suspicious
83,95,91,600,Suspicious
51,51,56,330,Suspicious
91,67,48,500,Suspicious
60,65,59,163,Normal
98,96,97,139,Suspicious
1,66,71,426,Suspicious
45,75,71,462,Suspicious
98,60,70,295,Suspicious
23,77,60,66,Suspicious
97,15,36,156,Suspicious
9,32,42,487,Suspicious
11,98,28,60,Suspicious
13,33,92,435,Suspicious
21,76,79,193,Suspicious
12,85,60,460,Suspicious
6,27,38,369,Suspicious
25,32,61,413,Suspicious
38,43,45,71,Normal
44,44,89,136,Normal
3,59,47,507,Suspicious
29,14,40,193,Normal
78,54,49,302,Suspicious
29,83,86,309,Suspicious
91,33,27,156,Suspicious
3,13,68,508,Suspicious
36,22,81,477,Suspicious
79,67,88,343,Suspicious
95,66,28,469,Suspicious
24,37,65,510,Suspicious
93,32,41,251,Suspicious
30,15,27,470,Suspicious
74,55,90,376,Suspicious
68,84,30,130,Suspicious
6,95,37,64,Suspicious
61,32,56,508,Suspicious
10,92,88,480,Suspicious
77,67,64,300,Suspicious
44,45,50,358,Suspicious
97,50,64,311,Suspicious
28,31,32,176,Normal
50,20,32,303,Suspicious
32,78,43,162,Suspicious
4,56,22,274,Normal
63,59,32,599,Suspicious
32,18,62,331,Suspicious
82,30,92,107,Suspicious
44,67,58,600,Suspicious
74,21,63,346,Suspicious
37,12,23,82,Normal
99,55,62,229,Suspicious
32,92,57,272,Suspicious
5,65,94,66,Normal
23,94,89,506,Suspicious
81,33,92,125,Suspicious
39,31,99,243,Normal
95,57,56,575,Suspicious
75,51,23,55,Normal
26,98,96,139,Suspicious
73,54,70,411,Suspicious
87,62,46,66,Suspicious
8,33,35,105,Normal
11,39,33,168,Normal
54,33,35,407,Suspicious
92,76,46,75,Suspicious
25,48,96,483,Suspicious
94,26,66,536,Suspicious
16,100,80,600,Suspicious
11,21,90,80,Normal
58,16,70,269,Normal
66,57,51,371,Suspicious
96,90,29,539,Malware
79,12,88,376,Suspicious
88,17,58,471,Suspicious
72,47,46,388,Suspicious
70,34,90,330,Suspicious
99,44,37,584,Suspicious
33,26,63,407,Suspicious
98,36,29,326,Suspicious
76,35,71,467,Suspicious
94,13,99,522,Suspicious
25,52,60,495,Suspicious
77,27,66,511,Suspicious
100,84,94,61,Suspicious
77,40,52,543,Suspicious
28,44,67,402,Suspicious
58,94,30,428,Suspicious
29,69,53,129,Normal
78,56,20,197,Suspicious
46,84,57,369,Suspicious
21,52,84,259,Normal
73,81,87,582,Suspicious
68,74,96,400,Suspicious
63,10,29,411,Suspicious
71,79,72,470,Suspicious
40,75,48,202,Normal
70,61,67,78,Normal
27,42,68,543,Suspicious
58,20,60,512,Suspicious
99,79,61,502,Suspicious
54,88,36,349,Suspicious
68,91,99,417,Suspicious
60,68,80,417,Suspicious
69,10,94,239,Normal
27,95,20,110,Suspicious
3,63,86,424,Suspicious
30,73,63,273,Normal
47,39,24,463,Suspicious
37,54,91,232,Normal
26,10,32,485,Suspicious
85,73,42,175,Suspicious
18,38,57,573,Suspicious
25,68,34,577,Suspicious
73,53,30,90,Normal
86,46,84,63,Suspicious
14,21,21,418,Suspicious
45,30,41,536,Suspicious
93,92,22,213,Suspicious
77,36,85,105,Suspicious
72,83,86,544,Suspicious
46,68,33,479,Suspicious
94,31,80,500,Suspicious
100,89,60,60,Suspicious
16,10,85,228,Normal
3,30,69,444,Suspicious
96,76,60,582,Suspicious
14,87,22,461,Suspicious
41,82,47,88,Suspicious
80,25,29,502,Suspicious
7,100,89,520,Suspicious
31,15,68,87,Normal
3,19,81,234,Normal
70,72,78,197,Normal
49,63,93,348,Suspicious
97,47,79,324,Suspicious
51,74,89,460,Suspicious
100,19,94,159,Suspicious
80,34,63,76,Suspicious
53,95,55,500,Suspicious
11,33,42,171,Normal
18,12,96,104,Normal
82,87,46,115,Suspicious
21,83,44,433,Suspicious
9,69,92,367,Suspicious
83,10,54,362,Suspicious
55,46,49,278,Normal
45,48,82,350,Suspicious
84,31,56,553,Suspicious
46,59,29,502,Suspicious
62,69,90,180,Normal
25,52,55,356,Suspicious
87,30,64,72,Suspicious
85,83,73,197,Suspicious
73,37,33,590,Suspicious
61,10,96,156,Normal
47,54,46,59,Normal
58,16,40,306,Suspicious
45,35,32,438,Suspicious
33,62,99,70,Normal
7,14,48,214,Normal
84,42,82,351,Suspicious
56,44,31,134,Normal
73,80,24,290,Suspicious
5,87,100,235,Suspicious
19,46,64,402,Suspicious
33,19,81,81,Normal
32,65,31,358,Suspicious
81,70,29,515,Suspicious
3,48,77,241,Normal
87,60,92,377,Suspicious
29,32,62,177,Normal
61,21,64,67,Normal
81,10,49,265,Suspicious
99,99,92,586,Malware
48,49,36,159,Normal
31,69,55,216,Normal
81,65,89,191,Suspicious
77,85,94,547,Suspicious
44,50,72,312,Suspicious
22,51,51,122,Normal
7,84,24,79,Suspicious
32,100,53,483,Suspicious
16,35,82,537,Suspicious
48,36,30,184,Normal
8,34,59,251,Normal
59,81,75,294,Suspicious
62,40,85,162,Normal
78,27,94,479,Suspicious
15,57,47,334,Suspicious
4,42,90,538,Suspicious
63,80,56,174,Suspicious
13,19,95,110,Normal
78,57,43,339,Suspicious
36,27,38,110,Normal
64,10,31,70,Normal
4,56,71,456,Suspicious
25,22,74,589,Suspicious
39,59,61,98,Normal
39,86,55,516,Suspicious
58,67,88,368,Suspicious
66,32,79,378,Suspicious
4,67,50,591,Suspicious
34,20,88,369,Suspicious
72,49,57,366,Suspicious
71,88,70,512,Suspicious
56,55,34,140,Normal
98,40,64,377,Suspicious
60,30,45,241,Normal
31,15,71,580,Suspicious
43,73,24,447,Suspicious
22,46,58,204,Normal
5,43,26,365,Suspicious
74,41,42,259,Normal
92,77,80,489,Suspicious
36,57,43,451,Suspicious
50,91,79,300,Suspicious
32,45,100,227,Normal
5,66,40,304,Suspicious
82,54,54,93,Suspicious
7,24,38,68,Normal
15,76,31,111,Suspicious
94,60,87,585,Suspicious
29,14,53,315,Suspicious
62,23,84,351,Suspicious
57,75,93,178,Normal
95,15,60,68,Suspicious
36,90,52,452,Suspicious
59,91,54,279,Suspicious
31,64,92,422,Suspicious
3,67,85,490,Suspicious
71,65,36,427,Suspicious
46,100,27,378,Suspicious
7,40,58,335,Suspicious
34,62,100,560,Suspicious
31,17,72,458,Suspicious
34,62,52,468,Suspicious
2,89,99,55,Suspicious
46,53,54,94,Normal
57,67,39,226,Normal
10,27,63,114,Normal
62,91,99,583,Suspicious
100,78,100,335,Suspicious
60,47,50,150,Normal
1,68,97,597,Suspicious
33,55,32,424,Suspicious
9,79,76,330,Suspicious
50,33,93,191,Normal
60,15,72,467,Suspicious
25,11,94,241,Normal
92,32,71,265,Suspicious
13,26,100,412,Suspicious
77,81,32,326,Suspicious
18,32,58,130,Normal
74,83,35,514,Suspicious
24,46,73,419,Suspicious
56,60,26,134,Normal
95,99,53,186,Suspicious
32,42,55,462,Suspicious
61,92,35,237,Suspicious
21,15,50,73,Normal
20,23,94,60,Normal
32,28,74,315,Suspicious
81,38,71,262,Suspicious
66,59,93,259,Normal
90,11,48,598,Suspicious
82,11,88,65,Suspicious
26,27,54,353,Suspicious
90,55,90,207,Suspicious
28,100,60,297,Suspicious
23,80,86,203,Suspicious
7,56,68,503,Suspicious
76,43,34,586,Suspicious
24,90,41,599,Suspicious
14,100,97,83,Suspicious
21,31,37,535,Suspicious
43,74,77,469,Suspicious
66,10,69,127,Normal
68,17,92,127,Normal
50,70,36,324,Suspicious
23,71,91,548,Suspicious
12,52,92,406,Suspicious
32,12,100,503,Suspicious
2,28,83,285,Normal
29,96,20,543,Suspicious
79,44,51,85,Suspicious
75,28,23,59,Normal
87,66,87,231,Suspicious
87,94,85,420,Suspicious
20,13,60,259,Normal
62,83,78,295,Suspicious
93,66,89,537,Suspicious
37,41,65,124,Normal
33,69,51,168,Normal
87,65,55,209,Suspicious
42,34,78,536,Suspicious
80,51,42,351,Suspicious
17,89,53,520,Suspicious
21,53,52,524,Suspicious
57,49,70,196,Normal
43,65,70,179,Normal
78,50,48,225,Suspicious
88,26,47,441,Suspicious
9,63,65,387,Suspicious
38,81,96,559,Suspicious
9,87,91,485,Suspicious
10,55,47,386,Suspicious
80,45,68,545,Suspicious
92,64,27,190,Suspicious
18,40,57,350,Suspicious
68,39,88,457,Suspicious
37,92,57,484,Suspicious
90,71,73,401,Suspicious
47,71,41,176,Normal
69,62,82,243,Normal
37,15,37,127,Normal
29,33,82,424,Suspicious
43,96,31,401,Suspicious
73,10,28,483,Suspicious
84,92,48,559,Suspicious
33,66,46,412,Suspicious
94,96,63,274,Suspicious
82,100,43,171,Suspicious
10,55,35,264,Normal
8,97,85,281,Suspicious
48,21,80,533,Suspicious
64,46,37,142,Normal
93,16,83,325,Suspicious
95,57,70,432,Suspicious
19,79,23,284,Suspicious
2,100,70,393,Suspicious
66,34,35,137,Normal
25,40,48,585,Suspicious
51,15,97,259,Normal
19,61,32,427,Suspicious
83,26,66,596,Suspicious
100,10,56,431,Suspicious
96,17,97,377,Suspicious
81,89,76,571,Suspicious
37,40,37,178,Normal
42,54,98,86,Normal
13,89,35,270,Suspicious
7,42,99,193,Normal
92,15,43,105,Suspicious
61,63,21,385,Suspicious
85,90,37,412,Suspicious
46,94,27,524,Suspicious
58,80,39,377,Suspicious
95,48,32,456,Suspicious
52,90,90,542,Suspicious
28,39,41,86,Normal
9,92,38,261,Suspicious
30,53,34,341,Suspicious
10,39,95,570,Suspicious
16,71,91,170,Normal
5,25,55,393,Suspicious
45,81,30,534,Suspicious
60,27,46,299,Normal
78,41,39,249,Suspicious
44,21,44,111,Normal
6,96,73,164,Suspicious
9,89,97,167,Suspicious
8,19,41,352,Suspicious
77,69,25,237,Suspicious
60,13,85,420,Suspicious
100,51,66,528,Suspicious
26,23,96,93,Normal
72,38,35,431,Suspicious
92,48,36,335,Suspicious
72,57,75,479,Suspicious
100,38,64,509,Suspicious
91,36,46,550,Suspicious
1,71,79,522,Suspicious
16,54,25,421,Suspicious
46,46,31,386,Suspicious
66,19,62,245,Normal
66,34,46,397,Suspicious
45,72,53,574,Suspicious
16,21,20,174,Normal
31,69,74,523,Suspicious
35,66,90,325,Suspicious
76,17,60,230,Suspicious
14,73,50,362,Suspicious
70,44,41,152,Normal
99,22,84,248,Suspicious
25,80,34,395,Suspicious
70,92,55,358,Suspicious
43,68,49,556,Suspicious
56,88,77,529,Suspicious
91,93,56,578,Malware
15,18,94,400,Suspicious
30,44,69,411,Suspicious
77,34,47,420,Suspicious
69,53,69,105,Normal
94,84,58,89,Suspicious
33,90,22,332,Suspicious
56,66,26,150,Normal
62,50,80,109,Normal
47,21,20,65,Normal
72,84,75,251,Suspicious
57,49,28,231,Normal
95,90,37,269,Suspicious
30,99,61,120,Suspicious
93,76,25,304,Suspicious
72,27,63,217,Normal
48,85,39,58,Suspicious
75,12,58,206,Normal
71,34,90,202,Normal
60,79,84,89,Suspicious
43,20,75,135,Normal
77,96,70,53,Suspicious
11,68,41,460,Suspicious
55,31,87,428,Suspicious
69,86,44,569,Suspicious
38,73,47,302,Suspicious
93,97,79,136,Suspicious
66,29,60,368,Suspicious
1,83,30,312,Suspicious
80,36,29,300,Suspicious
62,80,52,249,Suspicious
43,93,41,534,Suspicious
73,85,69,158,Suspicious
48,19,63,357,Suspicious
43,81,58,487,Suspicious
32,20,38,566,Suspicious
14,19,57,113,Normal
100,88,30,541,Malware
42,82,86,155,Suspicious
40,75,96,118,Normal
24,84,37,226,Suspicious
33,47,51,517,Suspicious
15,19,22,519,Suspicious
15,33,88,567,Suspicious
23,68,92,58,Normal
6,10,94,405,Suspicious
67,77,50,484,Suspicious
17,32,56,477,Suspicious
54,98,20,576,Suspicious
7,98,83,89,Suspicious
4,69,20,563,Suspicious
70,62,77,361,Suspicious
27,90,27,171,Suspicious
9,92,51,475,Suspicious
79,48,56,555,Suspicious
82,26,45,273,Suspicious
31,27,96,66,Normal
42,68,99,365,Suspicious
33,70,98,144,Normal
13,29,49,191,Normal
56,63,100,141,Normal
78,66,25,123,Suspicious
1,79,57,459,Suspicious
76,99,25,298,Suspicious
70,24,64,436,Suspicious
3,19,76,277,Normal
26,19,48,138,Normal
46,22,35,262,Normal
70,80,83,290,Suspicious
26,10,91,66,Normal
17,80,41,296,Suspicious
20,21,40,565,Suspicious
75,56,71,373,Suspicious
72,79,42,379,Suspicious
17,61,63,246,Normal
45,61,33,149,Normal
77,41,43,529,Suspicious
40,51,98,592,Suspicious
63,26,52,193,Normal
62,19,39,595,Suspicious
35,82,33,570,Suspicious
19,94,25,294,Suspicious
90,59,33,162,Suspicious
43,76,87,568,Suspicious
69,12,54,477,Suspicious
61,62,46,261,Normal
84,60,72,418,Suspicious
91,29,27,133,Suspicious
64,43,24,563,Suspicious
45,38,30,562,Suspicious
72,25,33,187,Normal
51,55,67,565,Suspicious
66,19,42,100,Normal
36,10,52,456,Suspicious
1,75,57,517,Suspicious
94,51,74,387,Suspicious
28,40,87,422,Suspicious
30,21,92,282,Normal
84,76,87,427,Suspicious
26,41,55,585,Suspicious
78,74,93,334,Suspicious
77,73,26,470,Suspicious
67,35,96,415,Suspicious
14,58,21,286,Normal
60,56,65,240,Normal
9,27,88,467,Suspicious
60,46,38,220,Normal
54,83,94,142,Suspicious
83,53,50,172,Suspicious
65,57,24,329,Suspicious
99,94,94,458,Malware
86,54,68,113,Suspicious
20,45,88,299,Normal
16,54,23,445,Suspicious
67,33,69,371,Suspicious
77,92,65,565,Suspicious
69,94,28,479,Suspicious
68,26,69,358,Suspicious
76,86,38,70,Suspicious
24,34,95,118,Normal
4,74,61,495,Suspicious
95,48,60,176,Suspicious
78,92,60,595,Suspicious
100,20,64,531,Suspicious
96,88,92,73,Suspicious
10,86,43,312,Suspicious
60,72,69,52,Normal
60,39,85,333,Suspicious
63,75,81,182,Normal
81,42,38,237,Suspicious
10,31,61,497,Suspicious
70,52,95,201,Normal
84,86,63,262,Suspicious
37,66,57,494,Suspicious
45,56,59,544,Suspicious
11,85,98,478,Suspicious
61,73,64,365,Suspicious
29,12,61,294,Normal
20,20,22,403,Suspicious
99,47,72,133,Suspicious
23,94,41,502,Suspicious
42,19,22,370,Suspicious
4,66,86,499,Suspicious
19,70,60,559,Suspicious
87,87,29,529,Suspicious
35,61,27,60,Normal
67,66,40,568,Suspicious
57,66,37,558,Suspicious
55,52,65,432,Suspicious
68,55,33,247,Normal
87,19,21,599,Suspicious
87,52,60,221,Suspicious
57,100,55,292,Suspicious
70,11,92,341,Suspicious
21,26,43,101,Normal
53,42,77,155,Normal
77,51,84,147,Suspicious
4,67,71,246,Normal
7,35,79,545,Suspicious
21,28,37,207,Normal
13,28,67,272,Normal
99,31,39,583,Suspicious
36,40,79,484,Suspicious
92,37,81,456,Suspicious
93,54,37,377,Suspicious
62,87,44,494,Suspicious
4,72,48,191,Normal
6,19,29,50,Normal
10,85,26,466,Suspicious
34,44,54,460,Suspicious
73,20,61,569,Suspicious
34,23,43,127,Normal
1,30,52,233,Normal
51,52,83,168,Normal
38,86,98,553,Suspicious
95,73,62,57,Suspicious
100,36,58,365,Suspicious
73,81,70,389,Suspicious
84,79,73,154,Suspicious
50,28,23,403,Suspicious
27,71,20,476,Suspicious
60,67,40,489,Suspicious
57,69,55,86,Normal
52,90,100,253,Suspicious
70,72,77,65,Normal
36,62,49,560,Suspicious
89,85,67,460,Suspicious
34,42,48,534,Suspicious
26,31,99,149,Normal
46,50,89,143,Normal
89,68,72,407,Suspicious
79,25,58,523,Suspicious
81,46,40,309,Suspicious
45,77,42,178,Suspicious
9,62,68,544,Suspicious
43,85,24,359,Suspicious
31,68,66,486,Suspicious
1,22,84,239,Normal
7,92,62,450,Suspicious
17,59,26,231,Normal
84,66,22,494,Suspicious
21,22,98,418,Suspicious
77,93,40,432,Suspicious
10,87,44,391,Suspicious
59,89,27,369,Suspicious
35,61,41,155,Normal
86,11,75,115,Suspicious
15,50,20,116,Normal
30,12,86,442,Suspicious
65,55,80,146,Normal
48,79,60,529,Suspicious
29,78,27,591,Suspicious
99,63,26,142,Suspicious
13,37,43,90,Normal
50,68,47,515,Suspicious
90,60,44,518,Suspicious
99,66,46,540,Suspicious
22,31,94,104,Normal
21,77,70,226,Suspicious
21,91,87,480,Suspicious
47,94,69,352,Suspicious
91,28,23,54,Suspicious
100,37,56,272,Suspicious
82,95,88,423,Suspicious
44,69,45,474,Suspicious
76,36,32,197,Suspicious
68,34,22,536,Suspicious
11,33,90,343,Suspicious
17,48,27,318,Suspicious
43,49,49,188,Normal
51,48,62,308,Suspicious
84,10,36,248,Suspicious
49,69,54,580,Suspicious
92,62,82,557,Suspicious
5,85,88,84,Suspicious
85,18,29,273,Suspicious
32,60,36,298,Normal
88,26,45,529,Suspicious
70,65,57,238,Normal
66,80,37,288,Suspicious
62,98,98,388,Suspicious
98,24,42,328,Suspicious
12,50,84,340,Suspicious
41,31,95,264,Normal
81,84,65,398,Suspicious
2,64,81,105,Normal
81,67,39,599,Suspicious
8,53,61,397,Suspicious
11,85,31,120,Suspicious
88,48,60,183,Suspicious
35,95,48,465,Suspicious
7,93,37,474,Suspicious
72,82,63,105,Suspicious
16,70,57,458,Suspicious
73,18,91,302,Suspicious
2,39,58,347,Suspicious
28,94,76,403,Suspicious
55,82,62,173,Suspicious
95,48,36,184,Suspicious
3,13,29,172,Normal
59,72,92,100,Normal
46,53,58,322,Suspicious
8,82,33,439,Suspicious
92,77,24,262,Suspicious
26,85,77,591,Suspicious
97,17,33,102,Suspicious
55,12,71,405,Suspicious
41,17,52,220,Normal
72,55,77,434,Suspicious
30,72,24,390,Suspicious
96,53,22,217,Suspicious
75,49,79,385,Suspicious
33,77,78,303,Suspicious
87,10,83,130,Suspicious
67,49,26,502,Suspicious
52,83,47,563,Suspicious
78,80,78,276,Suspicious
45,90,31,452,Suspicious
29,11,78,324,Suspicious
35,70,84,592,Suspicious
5,53,25,325,Suspicious
42,38,41,185,Normal
61,83,88,518,Suspicious
80,37,36,241,Suspicious
68,34,41,493,Suspicious
58,70,26,102,Normal
51,50,90,198,Normal
78,37,64,165,Suspicious
13,69,54,514,Suspicious
7,51,90,492,Suspicious
46,80,45,309,Suspicious
44,49,69,424,Suspicious
90,77,42,484,Suspicious
95,68,80,230,Suspicious
19,31,60,283,Normal
70,10,95,295,Normal
36,71,57,477,Suspicious
29,37,38,153,Normal
90,96,54,442,Suspicious
84,87,78,223,Suspicious
21,34,50,68,Normal
29,12,42,240,Normal
77,74,95,274,Suspicious
27,58,70,497,Suspicious
3,10,73,503,Suspicious
36,61,78,594,Suspicious
91,20,85,71,Suspicious
38,89,51,510,Suspicious
11,63,32,352,Suspicious
59,95,77,404,Suspicious
72,10,29,224,Normal
73,55,78,149,Normal
67,98,20,320,Suspicious
52,82,39,435,Suspicious
7,74,80,118,Normal
57,79,40,423,Suspicious
100,10,91,123,Suspicious
53,71,59,469,Suspicious
69,18,79,567,Suspicious
2,54,32,96,Normal
16,85,70,362,Suspicious
14,91,23,480,Suspicious
76,59,58,80,Suspicious
75,90,62,357,Suspicious
80,74,79,121,Suspicious
74,14,55,256,Normal
40,32,20,229,Normal
98,85,25,383,Suspicious
54,43,27,547,Suspicious
92,31,62,498,Suspicious
61,58,44,286,Normal
3,14,39,126,Normal
30,94,99,417,Suspicious
18,24,95,56,Normal
83,59,87,578,Suspicious
78,53,100,173,Suspicious
52,29,96,109,Normal
48,89,61,215,Suspicious
72,62,24,92,Normal
83,25,46,562,Suspicious
43,47,52,103,Normal
60,58,44,92,Normal
51,46,63,375,Suspicious
27,78,85,504,Suspicious
23,19,88,599,Suspicious
59,36,69,290,Normal
85,10,38,527,Suspicious
93,34,27,153,Suspicious
15,47,36,241,Normal
84,21,36,200,Suspicious
1,82,76,217,Suspicious
55,18,74,78,Normal
51,64,44,192,Normal
56,69,64,480,Suspicious
64,39,64,193,Normal
10,53,32,167,Normal
10,15,21,235,Normal
35,52,84,228,Normal
93,10,98,264,Suspicious
86,23,58,490,Suspicious
49,69,50,174,Normal
27,63,28,503,Suspicious
86,56,72,504,Suspicious
25,34,81,236,Normal
61,83,68,476,Suspicious
79,35,86,190,Suspicious
41,37,79,305,Suspicious
14,33,41,82,Normal
72,32,32,483,Suspicious
14,21,86,258,Normal
66,70,74,547,Suspicious
67,89,98,441,Suspicious
8,21,25,86,Normal
89,44,67,214,Suspicious
74,11,30,567,Suspicious
30,31,84,346,Suspicious
69,58,87,600,Suspicious
51,38,78,496,Suspicious
37,19,70,207,Normal
50,85,55,164,Suspicious
67,79,28,314,Suspicious
71,61,41,472,Suspicious
76,96,59,369,Suspicious
54,51,74,486,Suspicious
56,18,29,125,Normal
25,74,32,557,Suspicious
79,32,63,430,Suspicious
68,36,66,148,Normal
4,28,91,439,Suspicious
3,40,32,244,Normal
38,84,53,200,Suspicious
77,82,82,587,Suspicious
17,99,97,229,Suspicious
44,12,47,563,Suspicious
94,76,83,248,Suspicious
41,29,72,315,Suspicious
7,93,75,323,Suspicious
38,52,30,118,Normal
64,93,56,497,Suspicious
44,40,89,353,Suspicious
1,73,56,506,Suspicious
45,100,71,187,Suspicious
20,37,22,344,Suspicious
4,18,78,227,Normal
48,61,67,561,Suspicious
97,28,96,405,Suspicious
19,13,76,363,Suspicious
27,40,33,239,Normal
55,73,25,195,Normal
28,84,22,489,Suspicious
2,81,92,176,Suspicious
55,53,22,441,Suspicious
63,17,21,579,Suspicious
41,87,80,125,Suspicious
55,30,27,452,Suspicious
87,51,79,500,Suspicious
37,60,20,564,Suspicious
79,71,88,547,Suspicious
27,54,22,569,Suspicious
99,15,29,389,Suspicious
17,40,31,350,Suspicious
60,97,28,70,Suspicious
100,41,30,419,Suspicious
3,80,68,282,Suspicious
59,90,81,500,Suspicious
23,63,20,226,Normal
24,86,62,581,Suspicious
68,30,72,172,Normal
30,70,41,188,Normal
38,62,26,117,Normal
94,26,99,574,Suspicious
71,18,26,469,Suspicious
32,57,45,202,Normal
22,16,30,207,Normal
82,29,84,465,Suspicious
56,95,53,395,Suspicious
59,50,24,364,Suspicious
77,35,51,507,Suspicious
65,100,97,564,Suspicious
82,48,84,395,Suspicious
82,26,30,143,Suspicious
26,64,90,115,Normal
8,97,30,269,Suspicious
60,95,67,436,Suspicious
87,39,59,436,Suspicious
15,41,61,319,Suspicious
47,76,59,156,Suspicious
91,54,24,108,Suspicious
47,46,53,228,Normal
78,23,26,389,Suspicious
42,52,97,268,Normal
38,69,25,469,Suspicious
53,10,78,131,Normal
42,87,22,69,Suspicious
90,62,21,535,Suspicious
84,43,28,599,Suspicious
34,68,27,496,Suspicious
49,73,30,376,Suspicious
21,77,92,131,Suspicious
60,69,56,430,Suspicious
83,57,41,201,Suspicious
47,60,75,522,Suspicious
21,75,71,186,Normal
23,17,64,231,Normal
75,76,36,589,Suspicious
7,95,44,172,Suspicious
73,83,23,374,Suspicious
99,67,66,292,Suspicious
91,87,64,341,Suspicious
34,92,38,483,Suspicious
55,69,42,508,Suspicious
97,61,62,67,Suspicious
9,79,73,339,Suspicious
62,21,47,524,Suspicious
86,33,52,385,Suspicious
69,86,99,460,Suspicious
62,60,61,588,Suspicious
85,71,69,405,Suspicious
38,66,86,134,Normal
1,58,56,367,Suspicious
53,50,37,180,Normal
49,36,77,582,Suspicious
89,27,70,282,Suspicious
98,19,58,226,Suspicious
54,43,20,474,Suspicious
90,31,79,310,Suspicious
37,28,28,142,Normal
36,39,97,533,Suspicious
52,72,85,64,Normal
42,91,67,461,Suspicious
70,25,65,415,Suspicious
73,76,45,245,Suspicious
82,63,23,551,Suspicious
27,92,88,232,Suspicious
23,13,90,588,Suspicious
5,93,68,118,Suspicious
19,87,64,527,Suspicious
53,81,21,298,Suspicious
5,98,92,478,Suspicious
58,13,46,518,Suspicious
32,19,67,83,Normal
83,81,90,314,Suspicious
6,26,91,329,Suspicious
57,14,61,556,Suspicious
53,83,99,487,Suspicious
12,80,58,490,Suspicious
99,45,52,432,Suspicious
87,66,61,584,Suspicious
46,78,74,217,Suspicious
53,10,52,382,Suspicious
1,98,93,422,Suspicious
13,45,62,322,Suspicious
52,42,85,345,Suspicious
34,21,59,296,Normal
85,82,83,455,Suspicious
58,78,56,384,Suspicious
53,81,75,467,Suspicious
17,15,22,251,Normal
72,59,20,476,Suspicious
49,97,95,311,Suspicious
58,10,35,171,Normal
95,97,80,320,Suspicious
3,80,95,245,Suspicious
64,96,63,287,Suspicious
73,56,28,367,Suspicious
43,13,64,397,Suspicious
42,14,71,169,Normal
70,55,42,301,Suspicious
30,83,89,242,Suspicious
89,73,30,356,Suspicious
73,67,53,420,Suspicious
29,32,24,571,Suspicious
78,67,57,370,Suspicious
13,18,49,379,Suspicious
6,19,83,506,Suspicious
53,10,30,482,Suspicious
74,93,32,124,Suspicious
75,56,23,307,Suspicious
16,31,47,329,Suspicious
61,96,39,493,Suspicious
88,90,90,55,Suspicious
88,61,80,474,Suspicious
73,52,48,196,Normal
21,74,68,124,Normal
36,58,76,184,Normal
2,32,78,552,Suspicious
39,37,75,114,Normal
83,22,28,594,Suspicious
54,31,98,325,Suspicious
81,21,60,436,Suspicious
49,49,52,566,Suspicious
12,67,77,349,Suspicious
5,81,73,531,Suspicious
86,65,23,387,Suspicious
21,55,59,459,Suspicious
64,72,50,137,Normal
45,68,94,496,Suspicious
80,75,65,182,Suspicious
58,58,32,561,Suspicious
36,72,59,324,Suspicious
79,79,50,260,Suspicious
16,87,30,54,Suspicious
82,35,72,396,Suspicious
15,54,99,322,Suspicious
54,29,72,566,Suspicious
37,40,50,71,Normal
44,11,70,285,Normal
46,45,51,71,Normal
11,89,36,584,Suspicious
18,27,95,397,Suspicious
67,79,51,216,Suspicious
54,90,27,587,Suspicious
39,54,62,521,Suspicious
3,48,50,163,Normal
14,61,47,282,Normal
80,21,34,341,Suspicious
64,66,84,497,Suspicious
58,67,99,141,Normal
80,10,64,578,Suspicious
70,29,68,131,Normal
65,98,37,382,Suspicious
58,12,37,228,Normal
51,73,56,477,Suspicious
28,60,81,580,Suspicious
20,15,52,409,Suspicious
13,39,78,114,Normal
98,18,69,203,Suspicious
74,29,28,488,Suspicious
81,59,68,570,Suspicious
72,21,46,271,Normal
90,14,88,584,Suspicious
53,98,74,555,Suspicious
3,89,69,211,Suspicious
70,75,97,364,Suspicious
86,70,77,479,Suspicious
11,40,65,54,Normal
67,49,38,214,Normal
16,66,100,81,Normal
53,93,22,344,Suspicious
9,53,80,156,Normal
75,14,47,339,Suspicious
76,41,88,498,Suspicious
89,89,95,401,Suspicious
5,23,53,545,Suspicious
78,22,99,487,Suspicious
21,55,76,551,Suspicious
40,54,50,336,Suspicious
20,68,28,278,Normal
71,68,20,310,Suspicious
90,72,56,120,Suspicious
32,58,78,104,Normal
24,85,50,145,Suspicious
94,75,78,430,Suspicious
34,84,84,344,Suspicious
30,50,86,125,Normal
22,39,27,129,Normal
43,23,43,240,Normal
43,15,45,323,Suspicious
56,70,80,291,Normal
27,23,52,118,Normal
25,28,36,116,Normal
21,40,72,268,Normal
27,31,42,239,Normal
36,70,20,385,Suspicious
52,69,44,307,Suspicious
43,80,98,375,Suspicious
8,39,40,488,Suspicious
75,70,22,51,Normal
79,78,66,311,Suspicious
76,91,89,96,Suspicious
20,44,32,254,Normal
70,80,62,260,Suspicious
60,82,70,290,Suspicious
93,30,39,508,Suspicious
24,80,76,573,Suspicious
4,25,30,400,Suspicious
17,40,60,502,Suspicious
79,73,67,539,Suspicious
90,88,73,68,Suspicious
54,80,41,503,Suspicious
42,43,53,528,Suspicious
35,18,96,157,Normal
8,68,46,423,Suspicious
34,73,59,312,Suspicious
28,22,28,78,Normal
37,55,26,463,Suspicious
14,90,38,326,Suspicious
10,76,21,250,Suspicious
95,45,94,363,Suspicious
16,81,94,243,Suspicious
29,63,86,285,Normal
54,27,77,515,Suspicious
3,55,91,503,Suspicious
86,81,55,354,Suspicious
84,42,67,314,Suspicious
55,77,95,249,Suspicious
13,52,40,124,Normal
93,63,78,359,Suspicious
85,93,80,109,Suspicious
17,86,30,457,Suspicious
12,19,99,137,Normal
82,36,35,483,Suspicious
77,52,61,238,Suspicious
15,96,47,197,Suspicious
7,40,48,122,Normal
84,21,32,390,Suspicious
67,82,49,468,Suspicious
63,78,59,116,Suspicious
100,59,69,90,Suspicious
84,22,90,195,Suspicious
20,99,64,86,Suspicious
84,21,70,294,Suspicious
48,27,38,282,Normal
28,54,54,257,Normal
5,30,20,420,Suspicious
27,59,50,60,Normal
24,93,90,430,Suspicious
7,51,46,522,Suspicious
2,48,29,129,Normal
65,91,85,188,Suspicious
85,69,63,510,Suspicious
63,64,59,245,Normal
6,71,58,548,Suspicious
13,10,91,83,Normal
21,35,39,459,Suspicious
38,58,37,494,Suspicious
69,52,97,379,Suspicious
72,64,65,430,Suspicious
11,34,74,475,Suspicious
87,86,80,231,Suspicious
94,49,27,490,Suspicious
50,67,73,302,Suspicious
56,10,80,574,Suspicious
72,59,31,149,Normal
49,20,86,551,Suspicious
12,78,41,537,Suspicious
72,83,85,549,Suspicious
21,84,30,532,Suspicious
36,39,86,210,Normal
57,11,52,162,Normal
57,37,34,92,Normal
72,92,86,289,Suspicious
71,38,20,222,Normal
65,36,50,225,Normal
59,26,63,217,Normal
57,64,84,444,Suspicious
15,22,29,581,Suspicious
14,20,77,345,Suspicious
70,84,71,70,Suspicious
52,60,35,507,Suspicious
61,96,68,219,Suspicious
71,99,74,506,Suspicious
80,70,23,499,Suspicious
53,95,51,277,Suspicious
83,90,58,416,Suspicious
48,74,26,154,Normal
56,33,92,116,Normal
55,15,46,383,Suspicious
27,93,23,343,Suspicious
70,62,82,523,Suspicious
85,37,20,500,Suspicious
45,34,79,215,Normal
76,83,22,157,Suspicious
32,59,76,240,Normal
75,88,39,153,Suspicious
34,81,57,201,Suspicious
86,83,55,90,Suspicious
80,14,45,320,Suspicious
56,70,40,261,Normal
17,65,67,479,Suspicious
53,22,34,197,Normal
69,58,82,435,Suspicious
14,46,54,284,Normal
78,46,78,504,Suspicious
51,58,99,50,Normal
98,75,70,550,Suspicious
97,76,45,571,Suspicious
63,33,91,62,Normal
69,91,57,331,Suspicious
65,76,58,487,Suspicious
65,61,44,298,Normal
86,89,34,441,Suspicious
100,71,85,67,Suspicious
28,73,55,583,Suspicious
9,94,79,576,Suspicious
26,86,27,103,Suspicious
21,73,34,278,Normal
38,29,35,143,Normal
55,32,39,137,Normal
22,17,22,563,Suspicious
55,41,65,594,Suspicious
71,60,79,224,Normal
54,68,43,265,Normal
14,65,88,575,Suspicious
26,66,65,350,Suspicious
40,76,72,98,Suspicious
75,75,59,152,Normal
29,81,58,254,Suspicious
32,80,51,402,Suspicious
31,43,59,490,Suspicious
53,58,27,139,Normal
48,48,27,121,Normal
60,39,93,353,Suspicious
49,50,84,111,Normal
81,57,41,180,Suspicious
75,61,75,87,Normal
18,69,58,206,Normal
22,49,29,565,Suspicious
77,24,64,76,Suspicious
14,31,27,347,Suspicious
92,21,48,351,Suspicious
26,69,71,472,Suspicious
25,32,20,308,Suspicious
5,56,24,346,Suspicious
54,85,90,288,Suspicious
30,93,98,139,Suspicious
97,57,62,495,Suspicious
63,53,95,426,Suspicious
75,40,34,134,Normal
57,24,59,399,Suspicious
10,68,68,264,Normal
34,73,91,190,Normal
22,58,99,187,Normal
100,42,56,544,Suspicious
2,41,40,403,Suspicious
87,27,83,334,Suspicious
30,79,78,343,Suspicious
56,14,52,142,Normal
16,88,27,514,Suspicious
38,16,87,137,Normal
7,73,99,365,Suspicious
27,89,59,324,Suspicious
6,78,31,338,Suspicious
7,78,44,430,Suspicious
40,97,80,548,Suspicious
4,96,40,489,Suspicious
12,81,45,159,Suspicious
74,88,32,419,Suspicious
24,57,35,404,Suspicious
87,54,58,138,Suspicious
34,94,98,176,Suspicious
63,12,65,307,Suspicious
94,87,47,332,Suspicious
55,24,73,435,Suspicious
70,59,24,504,Suspicious
18,13,41,90,Normal
27,98,36,284,Suspicious
59,94,28,470,Suspicious
55,19,87,175,Normal
37,39,29,246,Normal
56,38,88,595,Suspicious
58,52,39,573,Suspicious
23,98,57,356,Suspicious
6,19,57,540,Suspicious
83,30,81,79,Suspicious
17,18,90,594,Suspicious
45,47,28,560,Suspicious
26,11,88,224,Normal
92,61,41,148,Suspicious
13,69,39,333,Suspicious
75,35,70,328,Suspicious
63,62,82,278,Normal
99,64,58,308,Suspicious
67,13,55,396,Suspicious
95,90,26,534,Malware
61,98,92,214,Suspicious
86,49,26,527,Suspicious
68,21,24,286,Normal
19,18,35,595,Suspicious
39,53,25,144,Normal
9,28,86,195,Normal
12,11,70,276,Normal
2,17,96,68,Normal
86,38,65,443,Suspicious
93,37,60,320,Suspicious
55,87,50,471,Suspicious
71,50,83,575,Suspicious
60,32,56,144,Normal
2,59,67,405,Suspicious
11,46,87,335,Suspicious
8,60,70,454,Suspicious
82,20,92,320,Suspicious
54,70,58,337,Suspicious
17,10,99,569,Suspicious
74,27,74,550,Suspicious
8,89,80,465,Suspicious
33,49,58,102,Normal
82,18,66,172,Suspicious
32,54,94,73,Normal
3,17,60,256,Normal
32,38,21,452,Suspicious
29,69,99,509,Suspicious
5,68,80,392,Suspicious
15,25,64,167,Normal
47,50,98,548,Suspicious
83,69,90,528,Suspicious
69,10,73,227,Normal
34,40,56,576,Suspicious
52,71,81,383,Suspicious
27,38,89,559,Suspicious
75,50,98,432,Suspicious
62,57,91,393,Suspicious
10,56,48,253,Normal
78,59,76,492,Suspicious
81,40,62,247,Suspicious
22,36,40,341,Suspicious
91,57,77,417,Suspicious
8,62,83,223,Normal
68,99,85,487,Suspicious
98,88,63,201,Suspicious
56,90,83,495,Suspicious
96,50,95,464,Suspicious
86,97,43,379,Suspicious
37,38,43,192,Normal
98,94,86,90,Suspicious
30,57,50,144,Normal
20,79,88,544,Suspicious
68,75,97,395,Suspicious
42,17,67,436,Suspicious
97,16,25,599,Suspicious
35,42,34,412,Suspicious
30,58,95,587,Suspicious
4,68,93,582,Suspicious
39,67,90,596,Suspicious
16,37,29,334,Suspicious
26,93,52,79,Suspicious
5,71,81,110,Normal
16,19,84,78,Normal
32,22,21,245,Normal
19,35,61,430,Suspicious
52,84,54,217,Suspicious
85,34,97,573,Suspicious
24,38,35,405,Suspicious
7,19,22,384,Suspicious
83,92,85,296,Suspicious
7,34,55,444,Suspicious
7,72,90,263,Normal
10,85,69,127,Suspicious
15,34,66,113,Normal
59,18,30,441,Suspicious
78,49,59,384,Suspicious
45,84,78,432,Suspicious
94,79,87,245,Suspicious
87,87,77,455,Suspicious
48,20,36,171,Normal
9,29,35,297,Normal
22,94,80,110,Suspicious
61,55,93,270,Normal
5,16,90,575,Suspicious
20,40,63,397,Suspicious
100,28,60,528,Suspicious
19,98,48,538,Suspicious
99,47,94,215,Suspicious
26,92,42,75,Suspicious
25,55,41,224,Normal
43,27,80,408,Suspicious
37,97,87,247,Suspicious
81,15,45,353,Suspicious
81,37,60,167,Suspicious
38,42,46,72,Normal
82,91,100,276,Suspicious
60,48,87,247,Normal
15,77,68,405,Suspicious
79,67,99,304,Suspicious
49,16,75,277,Normal
84,56,41,356,Suspicious
73,66,27,447,Suspicious
50,79,57,303,Suspicious
72,64,96,339,Suspicious
74,43,89,120,Normal
54,38,88,107,Normal
57,65,76,322,Suspicious
56,14,27,122,Normal
60,64,72,583,Suspicious
39,63,26,410,Suspicious
87,61,37,572,Suspicious
77,99,97,569,Suspicious
80,25,51,259,Suspicious
25,73,37,499,Suspicious
44,43,77,365,Suspicious
23,41,35,469,Suspicious
58,28,60,570,Suspicious
7,31,73,224,Normal
44,74,87,400,Suspicious
11,25,90,142,Normal
38,28,21,507,Suspicious
56,43,33,87,Normal
72,21,87,570,Suspicious
60,34,24,63,Normal
97,99,69,479,Malware
56,45,73,383,Suspicious
50,39,57,270,Normal
73,45,20,517,Suspicious
94,47,60,261,Suspicious
100,56,87,143,Suspicious
4,58,21,483,Suspicious
45,67,35,121,Normal
53,17,83,129,Normal
13,40,64,202,Normal
6,74,57,290,Normal
82,16,100,317,Suspicious
41,82,23,197,Suspicious
23,65,75,238,Normal
96,52,41,92,Suspicious
35,67,20,158,Normal
31,45,70,430,Suspicious
72,17,23,211,Normal
24,36,28,274,Normal
13,33,61,541,Suspicious
24,78,66,313,Suspicious
18,44,25,232,Normal
96,93,59,209,Suspicious
71,55,28,461,Suspicious
97,26,30,401,Suspicious
5,61,43,567,Suspicious
21,95,56,74,Suspicious
39,88,24,434,Suspicious
50,45,48,54,Normal
25,95,55,303,Suspicious
49,14,25,55,Normal
60,30,100,146,Normal
21,56,65,54,Normal
20,89,35,206,Suspicious
52,58,52,397,Suspicious
43,91,43,214,Suspicious
49,74,75,182,Normal
72,77,67,237,Suspicious
86,96,69,448,Suspicious
90,67,92,495,Suspicious
4,69,25,544,Suspicious
11,77,53,548,Suspicious
36,11,98,303,Suspicious
66,60,24,252,Normal
93,90,91,75,Suspicious
1,45,46,445,Suspicious
94,41,35,277,Suspicious
19,68,28,470,Suspicious
90,33,87,413,Suspicious
47,57,84,573,Suspicious
43,31,82,101,Normal
86,58,90,267,Suspicious
35,24,70,326,Suspicious
88,27,62,171,Suspicious
69,92,85,205,Suspicious
32,66,52,452,Suspicious
5,76,87,492,Suspicious
13,44,38,75,Normal
98,24,91,277,Suspicious
43,62,92,586,Suspicious
41,46,74,565,Suspicious
51,96,25,504,Suspicious
15,54,54,379,Suspicious
18,36,39,93,Normal
75,95,60,81,Suspicious
51,20,70,406,Suspicious
30,97,52,128,Suspicious
66,55,31,535,Suspicious
86,16,53,548,Suspicious
50,25,53,284,Normal
3,83,94,240,Suspicious
59,100,85,575,Suspicious
70,96,47,205,Suspicious
77,48,42,575,Suspicious
74,41,40,282,Normal
52,34,64,216,Normal
4,51,96,312,Suspicious
79,92,84,383,Suspicious
42,61,42,304,Suspicious
2,77,45,57,Suspicious
79,29,26,571,Suspicious
33,98,59,264,Suspicious
